Date,Open,High,Low,Close,Adj Close,Volume
2016-03-23,663,689.900024,660.909973,687.419983,681.153076,1245940
2016-03-28,689.900024,690,669,670.02002,663.911865,659680
2016-03-29,664.5,674.89502,663.98999,665.674988,659.606384,441940
2016-03-30,667.289978,682.184998,667.01001,678.775024,672.586975,479890
2016-03-31,675.549988,699,673.5,692.414978,686.102539,745590
2016-04-01,693.900024,703.094971,680.005005,687.75,681.480103,664580
2016-04-04,690,696.280029,683.22998,686.969971,680.707214,633850
2016-04-05,685,692,680.01001,682.35498,676.134338,557790
2016-04-06,689,699.5,684.60498,694.755005,688.421265,455050
2016-04-07,697.89502,704.650024,694.544983,698.26001,691.894348,560950
2016-04-08,702.5,717.5,696,713.349976,706.846741,746730
2016-04-11,715,723,710,719.320007,712.76239,559860
2016-04-12,722,737.299988,719.5,733.549988,726.86261,1233470
2016-04-13,739,752,738.01001,743.039978,736.266113,1042540
2016-04-18,743.299988,753.169983,728.549988,731.390015,724.72229,1455810
2016-04-20,739.700012,741.929993,720,721.340027,714.763916,1553840
2016-04-21,721,722.01001,694.544983,698.650024,692.280823,1810180
2016-04-22,698.650024,701.640015,689.099976,697.11499,690.759766,979300
2016-04-25,699.890015,701.98999,682.945007,685.38501,679.136658,660560
2016-04-26,687.5,713.205017,684.005005,700.434998,694.0495,1335050
2016-04-27,700,704.174988,691.554993,694.565002,688.233032,799640
2016-04-28,693,704,692.5,696.710022,690.358459,1536750
2016-04-29,696,698.320007,679.52002,682.909973,676.684204,769720
2016-05-02,687.400024,710,675,705.375,698.944519,783370
2016-05-03,710,712.575012,694,698.549988,692.181702,989390
2016-05-04,698.049988,703.969971,691.380005,695.419983,689.0802,885130
2016-05-05,699.650024,718.400024,696.150024,715.549988,709.026672,915040
2016-05-06,722.349976,728,711.304993,726.445007,719.822327,669860
2016-05-09,730,745,723.650024,737.86499,731.138245,860620
2016-05-10,742.5,746.200012,734.450012,741.22998,734.472595,783390
2016-05-11,739.690002,749.695007,727.544983,748.284973,741.463135,821050
2016-05-12,752,769.5,745.359985,767.015015,760.022583,947120
2016-05-13,771.5,781,759,762.61499,755.662659,1625310
2016-05-16,764,785.804993,761.585022,777.109985,770.025452,1277500
2016-05-17,782.400024,782.400024,773,775.840027,768.76709,622900
2016-05-18,773.424988,782,768.5,774.255005,767.196411,722670
2016-05-19,775.98999,782,770.559998,773.820007,766.765503,790930
2016-05-20,774.599976,784.320007,766.965027,777.049988,769.966003,748140
2016-05-23,780.099976,783.5,750.265015,765.369995,758.392456,1055320
2016-05-24,774.5,774.5,721.544983,762.554993,755.603149,4304490
2016-05-25,760,760,725.5,733.724976,727.036011,2006860
2016-05-26,739,752,738,745.835022,739.035583,1638490
2016-05-27,754.299988,773.97998,746.724976,766.789978,759.7995,1385490
2016-05-30,770,772,755.940002,764.344971,757.376831,763250
2016-05-31,766.809998,775,747,758.880005,751.96167,15459230
2016-06-01,752.799988,771.900024,748,764.23999,757.272766,997090
2016-06-02,766.179993,800,759,796.455017,789.194153,1588230
2016-06-03,800,809.5,788.200012,789.955017,782.753418,1305340
2016-06-06,794.900024,794.905029,775.099976,777.409973,770.322754,837280
2016-06-07,780,785.400024,765,768.724976,761.71698,1425880
2016-06-08,773.799988,785.77002,766.265015,774.794983,767.731567,994080
2016-06-09,778.97998,778.97998,769,771.89502,764.858093,310120
2016-06-10,774.679993,774.679993,757.5,759.565002,752.640442,689240
2016-06-13,755,755.89502,745,750.059998,743.222168,988220
2016-06-14,750.099976,754.200012,742,749.190002,742.359985,746670
2016-06-15,749,768.789978,748.994995,765.119995,758.144714,486230
2016-06-16,762.5,765.940002,755.945007,759.625,752.69989,581090
2016-06-17,761.744995,764.984985,747.5,753.015015,746.150146,641180
2016-06-20,753,760,744.5,753.984985,747.111206,546040
2016-06-21,757.97998,768.5,752.5,760.60498,753.670898,458350
2016-06-22,756.005005,764.47998,756.005005,759.905029,752.977356,303690
2016-06-23,757.5,774.005005,757.5,769.690002,762.673096,307300
2016-06-24,759.400024,762.789978,741.640015,758.809998,751.892273,754260
2016-06-27,753.150024,771.200012,753.150024,769.559998,762.54425,681740
2016-06-28,776.494995,776.494995,765.099976,769.664978,762.648254,616330
2016-06-29,770,774.275024,767.099976,768.580017,761.573303,197100
2016-06-30,771.494995,802.5,768.005005,799.669983,792.379761,1341000
2016-07-01,805,824,799.5,816.719971,809.274353,1111420
2016-07-04,817.549988,828.184998,810,820.434998,812.955505,423520
2016-07-05,820.434998,822,811.099976,817,809.551819,476030
2016-07-07,814.099976,819.994995,808.044983,809.565002,802.184631,445790
2016-07-08,810,823.89502,806.809998,820.780029,813.297424,554820
2016-07-11,829.955017,871.5,825.005005,856.75,848.939392,2626660
2016-07-12,868,871,857,862.715027,854.850098,968930
2016-07-13,863.98999,875.5,852.35498,857.530029,849.712463,1180570
2016-07-14,861.984985,872.219971,857.5,867.015015,859.812744,924650
2016-07-15,869.994995,878.5,866.005005,870.005005,862.777954,714800
2016-07-18,879,883.599976,875,880.070007,872.759277,727670
2016-07-19,880.98999,883,860,864.304993,857.125244,858270
2016-07-20,866.599976,875.299988,858.73999,864.01001,856.832642,628890
2016-07-21,872.900024,878.39502,865.169983,870.784973,863.551392,2367430
2016-07-22,870.700012,887.48999,868.320007,883.780029,876.438477,732040
2016-07-25,888.200012,903,885.349976,898.36499,890.902283,2290140
2016-07-26,909.98999,998.98999,890,984.835022,976.653992,9564650
2016-07-27,990,993.765015,951.539978,979.344971,971.209595,3840330
2016-07-28,979,1046,967.744995,1031.680054,1023.109863,5956320
2016-07-29,1038.994995,1047.839966,1025,1037.265015,1028.64856,2824840
2016-08-01,1046,1140.86499,1042.994995,1122.625,1113.299316,5296000
2016-08-02,1130,1177,1080,1094.410034,1085.318848,4098180
2016-08-03,1095,1095,994,1000.559998,992.248352,5446140
2016-08-04,1012.5,1031.76001,972.344971,996.969971,988.688171,3806870
2016-08-05,1020,1026.219971,981.515015,1009.469971,1001.08429,2681260
2016-08-08,1026.699951,1028.13501,997.299988,1003.434998,995.099487,1656960
2016-08-09,1010,1026,991,1017.97998,1009.523621,1440470
2016-08-10,1015,1027,990,999.830017,991.524414,1144720
2016-08-11,1004.98999,1007.549988,984.900024,1000.72998,992.416931,890100
2016-08-12,1002.099976,1019.900024,998.159973,1015.440002,1007.004822,797540
2016-08-16,1016.01001,1032.5,1002.044983,1020.359985,1011.88385,906360
2016-08-17,1020,1025,1013.424988,1020.880005,1012.399597,395520
2016-08-18,1023.434998,1029.344971,1006.900024,1013.455017,1005.036255,618830
2016-08-19,1020,1024,1012.51001,1018.309998,1009.850891,406760
2016-08-22,1016.789978,1023.200012,1012.109985,1016.61499,1008.169983,494270
2016-08-23,1023.950012,1023.950012,991.5,1004.065002,995.724243,669540
2016-08-24,1012.900024,1014.900024,1002.650024,1005.359985,997.008484,437540
2016-08-25,1006,1034.199951,1002.60498,1028.964966,1020.417297,1254530
2016-08-26,1035.555054,1062,1034.744995,1048.089966,1039.383545,916240
2016-08-29,1057.800049,1080.765015,1041.814941,1074.359985,1065.435303,1064600
2016-08-30,1087.199951,1094,1070.555054,1077.73999,1068.787231,1394230
2016-08-31,1100,1116.295044,1081.10498,1101.109985,1091.963013,1910090
2016-09-01,1103.050049,1126,1100,1116.084961,1106.813599,1291910
2016-09-02,1122.900024,1128,1107.900024,1113.97998,1104.726196,1001600
2016-09-06,1120.099976,1129.900024,1117.609985,1126.584961,1117.226563,755340
2016-09-07,1129.5,1174,1129.400024,1139.329956,1129.865601,2519340
2016-09-08,1153.900024,1173.599976,1080,1162.800049,1153.140747,1604933
2016-09-09,1171,1183.900024,1144.550049,1153.550049,1143.967651,758416
2016-09-12,1124.800049,1133.849976,1050,1094.400024,1085.308838,1034612
2016-09-14,1103,1108,1068,1101.050049,1091.903687,1049761
2016-09-15,1108.900024,1113,1085,1099,1089.870483,661551
2016-09-16,1109,1117.099976,1080.699951,1087.849976,1078.81311,803966
2016-09-19,1096.5,1096.5,1072.199951,1075.900024,1066.962402,824883
2016-09-20,1050.050049,1088.949951,1050.050049,1075.050049,1066.119507,597126
2016-09-21,1084.900024,1084.900024,1066.050049,1070.25,1061.359375,722885
2016-09-22,1083.25,1132.199951,1070.75,1127.949951,1118.579956,1363628
2016-09-23,1138.400024,1144.5,1118.300049,1126.5,1117.142212,1160432
2016-09-26,1118,1139.849976,1115.550049,1122.800049,1113.473022,648551
2016-09-27,1130,1130,1091.849976,1098.599976,1089.473999,905372
2016-09-28,1105,1113.900024,1092.050049,1106.099976,1096.911621,875357
2016-09-29,1120,1123,1011.200012,1037.150024,1028.534424,1550065
2016-09-30,1039.949951,1066.050049,1020.549988,1055.900024,1047.128662,1151711
2016-10-03,1069,1090,1068.300049,1086.699951,1077.672852,881426
2016-10-04,1092,1096.349976,1072,1083.75,1074.747437,490022
2016-10-05,1090,1093.849976,1068.300049,1074.25,1065.326172,729161
2016-10-06,1076.050049,1105,1066,1077.25,1068.30127,1182671
2016-10-07,1086.699951,1090,1076,1082.5,1073.507568,606885
2016-10-10,1085.150024,1092.650024,1072.5,1073.949951,1065.028564,382402
2016-10-13,1085,1085,1040.199951,1053.949951,1045.194824,969024
2016-10-14,1061.800049,1069.800049,1040.099976,1061.300049,1052.483765,819460
2016-10-17,1064.699951,1085,1051.050049,1078.849976,1069.887939,920879
2016-10-18,1089,1121,1085.099976,1117.349976,1108.068115,1356207
2016-10-19,1123.300049,1129.949951,1111.25,1118.849976,1109.555664,648141
2016-10-20,1123.5,1135,1117.599976,1121.400024,1112.084595,535999
2016-10-21,1126,1139,1115.300049,1134.300049,1124.877441,466028
2016-10-24,1136.5,1142.150024,1125.199951,1128.949951,1119.571655,399832
2016-10-25,1128,1145,1115.099976,1141.699951,1132.215698,417201
2016-10-26,1140,1163.300049,1125.050049,1148.400024,1138.860352,971690
2016-10-27,1150.949951,1162,1098,1104.800049,1095.622437,2014635
2016-10-28,1105.099976,1107,1052.699951,1072.550049,1063.640381,1452433
2016-11-01,1087,1089.949951,1056.300049,1060.800049,1051.987915,903775
2016-11-02,1048,1050,1015.599976,1019.849976,1011.378113,1329886
2016-11-03,1029.800049,1046.150024,1015,1030.849976,1022.286743,968028
2016-11-04,1035,1036.199951,970.099976,993.150024,984.899902,1666744
2016-11-07,1009.799988,1028.400024,985.200012,990.400024,982.172791,1063258
2016-11-08,996.700012,1001.900024,972,983.700012,975.528503,960336
2016-11-09,920,934.5,836.150024,929.150024,921.43158,3384855
2016-11-10,950,979.299988,923.900024,929.200012,921.481201,1753921
2016-11-11,920,920,850,858.099976,850.971802,2780607
2016-11-15,868.599976,868.599976,762.299988,815.049988,808.279419,4368353
2016-11-16,827,942.700012,803.549988,899.799988,892.325317,7757348
2016-11-17,903.5,903.5,860,871.150024,863.913391,1929384
2016-11-18,872,901.450012,865,878.400024,871.103149,1647276
2016-11-21,891.450012,891.450012,815.5,832.200012,825.286987,2076791
2016-11-22,850.049988,863,830.25,858,850.872559,1434086
2016-11-23,871,871.450012,844.5,850.25,843.186951,1161595
2016-11-24,847.5,850.849976,816.150024,820.700012,813.882507,1613090
2016-11-25,831,884,823.25,877.900024,870.607361,1623036
2016-11-28,876.200012,899,857.799988,879.25,871.946045,1818863
2016-11-29,884.5,926.299988,883.900024,907.25,899.713501,2546446
2016-11-30,910,927.849976,909.049988,919.799988,912.15918,1775315
2016-12-01,926,929.900024,910,914.200012,906.605774,997475
2016-12-02,904,910,880,886.5,879.135864,1818221
2016-12-05,887,907.799988,885,902.25,894.754944,797813
2016-12-06,903.299988,923.900024,893.299988,898.049988,890.589844,878434
2016-12-07,906.700012,910.75,875.650024,891.049988,883.648071,888028
2016-12-08,908,915.900024,904.099976,911.549988,903.977722,1001920
2016-12-09,913.799988,917.700012,891.549988,896.349976,888.903992,651767
2016-12-12,896.75,896.75,834,843.599976,836.592224,2395425
2016-12-13,820,843.400024,805,836.75,829.799133,2913971
2016-12-14,839.700012,857.849976,832.799988,848.75,841.699402,1423592
2016-12-15,835.099976,866.900024,831.049988,853.799988,846.707458,833495
2016-12-16,860.900024,863,848,850.799988,843.732422,626459
2016-12-19,853.200012,853.200012,818.900024,822.900024,816.064209,808312
2016-12-20,825,829.5,786.299988,805.799988,799.106201,2029604
2016-12-21,811,814.799988,783.049988,788.599976,782.049072,1608265
2016-12-22,784.799988,784.799988,760.5,765.400024,759.041809,1836222
2016-12-23,776.700012,827.900024,761.299988,808.950012,802.230042,3365297
2016-12-26,810,821.299988,782.049988,810,803.271301,2133916
2016-12-27,811,827.900024,799.349976,809.75,803.023499,3505564
2016-12-28,816.349976,840.900024,811,820.200012,813.386658,2124609
2016-12-29,820,839.75,816.25,833.349976,826.427307,1594084
2016-12-30,840,854.700012,833,842.200012,835.203796,842564
2017-01-02,852,873.900024,842,870.049988,862.82251,949967
2017-01-03,870,889,859.25,884,876.656616,1260264
2017-01-04,887.099976,891,868,871.900024,864.657227,971428
2017-01-05,883.349976,903,875.049988,899.75,892.275757,1423447
2017-01-06,911,914.900024,875.900024,878.450012,871.15271,4040625
2017-01-09,887.799988,893.75,875.099976,878.25,870.954407,615381
2017-01-10,884.700012,901.950012,880.049988,899.75,892.275757,1147293
2017-01-11,905,909.5,891,896.150024,888.705688,2005189
2017-01-12,902.5,909.950012,886,891.200012,883.796814,737750
2017-01-13,893.200012,905.5,888.099976,900.049988,892.573242,821185
2017-01-16,900,920.099976,894.450012,917.700012,910.07666,1117504
2017-01-17,923.900024,924.599976,910.5,914.349976,906.754517,849554
2017-01-18,918.700012,938,915,930.349976,922.621643,1525144
2017-01-19,929.799988,932.299988,916,926.299988,918.605164,598997
2017-01-20,924.799988,930,904,907.700012,900.159729,697857
2017-01-23,909.400024,931.700012,905.150024,929.650024,921.927429,829648
2017-01-24,934.950012,934.950012,921,929.75,922.02655,826288
2017-01-25,931.200012,1006,931.200012,999.849976,991.54425,3874946
2017-01-27,1000,1020,991.349976,995.849976,987.577454,1386916
2017-01-30,990,1059,989.150024,1054.800049,1046.037964,4866384
2017-01-31,1058.900024,1072,1030.75,1036.900024,1028.286621,2304584
2017-02-01,1039,1069.900024,1025,1066.150024,1057.293457,1860379
2017-02-02,1067.400024,1083.949951,1050,1054.150024,1045.393188,1681729
2017-02-03,1055.300049,1068,1042.300049,1047.349976,1038.649658,903079
2017-02-06,1056,1085.5,1050.099976,1073.699951,1064.780762,1218063
2017-02-07,1070,1075,1052.400024,1060.949951,1052.136597,658786
2017-02-08,1060,1069.400024,1025,1049.449951,1040.732178,1046297
2017-02-09,1058,1061.650024,1026,1040.849976,1032.203735,916871
2017-02-10,1045.199951,1059,1038,1055.449951,1046.682373,643391
2017-02-13,1057,1070,1043.25,1058.949951,1050.153198,484476
2017-02-14,1064,1069,1055,1059.5,1050.698853,438100
2017-02-15,1060.300049,1065,1029,1040.400024,1031.757446,679204
2017-02-16,1040.900024,1106,1035,1094.349976,1085.259277,1035007
2017-02-17,1110,1118,1081.099976,1089.5,1080.449585,1408853
2017-02-20,1092.949951,1109.5,1035,1095.900024,1086.796387,617565
2017-02-21,1092.199951,1105.949951,1085,1095.900024,1086.796387,335482
2017-02-22,1095,1104.150024,1065,1076.25,1067.30957,1000632
2017-02-23,1083,1099,1066.5,1068.199951,1059.326416,1196177
2017-02-27,1070.849976,1104,1069,1091.599976,1082.532104,1223440
2017-02-28,1097.75,1119,1096,1108.199951,1098.994019,1257475
2017-03-01,1120,1128.900024,1070.599976,1075.849976,1066.912964,2045087
2017-03-02,1083,1089.599976,1019.099976,1048.75,1040.038086,2587153
2017-03-03,1047.5,1056.900024,1024.150024,1046.25,1037.558838,1185751
2017-03-06,1054,1056,1026.400024,1033.949951,1025.361084,1176084
2017-03-07,1034.900024,1055.800049,1022.400024,1052.400024,1043.657715,1534634
2017-03-08,1057.75,1084,1049,1081.199951,1072.218506,1763414
2017-03-09,1074.699951,1095,1068,1087.199951,1078.168457,1391444
2017-03-10,1092.5,1100,1085.099976,1094.5,1085.408081,748405
2017-03-14,1112,1135.449951,1103.400024,1126.699951,1117.340576,1254682
2017-03-15,1129,1143.199951,1124.25,1134.550049,1125.125366,781510
2017-03-16,1139.699951,1178,1130.849976,1163.5,1153.834839,1234503
2017-03-17,1170,1183.699951,1151.300049,1159.300049,1149.6698,822826
2017-03-20,1165,1192.300049,1142.75,1172.550049,1162.809814,978371
2017-03-21,1172.050049,1184.949951,1146,1174.550049,1164.793091,2284752
2017-03-22,1155.099976,1167.949951,1150,1159.699951,1150.066284,691551
2017-03-23,1161.5,1191.699951,1161.5,1185.75,1175.899902,873741
2017-03-24,1190.400024,1198,1170.550049,1177.050049,1167.272217,668010
2017-03-27,1177,1189,1171,1185,1175.15625,479265
2017-03-28,1194,1206,1186.75,1194.75,1184.825195,809959
2017-03-29,1199.400024,1205,1172,1180.75,1170.941406,632607
2017-03-30,1180,1190.099976,1173,1181.050049,1171.239014,657966
2017-03-31,1188,1188,1167.5,1171.099976,1161.371704,474585
2017-04-03,1170.050049,1189,1162,1181.75,1171.933105,473642
2017-04-05,1190,1190,1165,1173.099976,1163.35498,680777
2017-04-06,1177.800049,1204.050049,1165.75,1198.099976,1188.147339,856876
2017-04-07,1198,1224,1192.199951,1201.599976,1191.618164,1099961
2017-04-10,1201.699951,1252,1190,1240.75,1230.443115,1046689
2017-04-11,1246,1274,1242,1255.949951,1245.516724,1142967
2017-04-12,1260,1278,1248,1266.199951,1255.681641,1062045
2017-04-13,1267.800049,1292,1261,1273.900024,1263.317749,613348
2017-04-17,1274.900024,1282,1246.550049,1259.550049,1249.086914,609476
2017-04-18,1254.400024,1270.699951,1229.900024,1236.050049,1225.782227,583708
2017-04-19,1237.800049,1252.5,1217.550049,1242.949951,1232.624756,777297
2017-04-20,1253,1258.5,1243,1252,1241.599731,443637
2017-04-21,1252,1259.900024,1236.300049,1246.949951,1236.591553,380126
2017-04-24,1251.099976,1275,1242.099976,1271.75,1261.185425,475488
2017-04-25,1279,1349,1276,1341.699951,1330.554443,2092724
2017-04-26,1345,1349.900024,1301.550049,1309.699951,1298.820313,1207320
2017-04-27,1315,1315.849976,1278.050049,1285.699951,1275.019653,1627631
2017-04-28,1278.050049,1295,1268.75,1276.199951,1265.598633,1183154
2017-05-02,1281.900024,1286.150024,1257,1268.599976,1258.061646,708574
2017-05-03,1270,1282.800049,1260,1270.099976,1259.549316,1086778
2017-05-04,1271.25,1311.900024,1271.25,1296.550049,1285.779541,1121302
2017-05-05,1295,1303,1264.900024,1274.25,1263.664795,467205
2017-05-08,1270.25,1286.349976,1260.5,1272,1261.433594,471627
2017-05-09,1275,1292.900024,1264.5,1286.099976,1275.416382,567703
2017-05-10,1295,1331,1293.550049,1327,1315.976685,1302185
2017-05-11,1334.949951,1344.900024,1318.449951,1339.699951,1328.571045,672768
2017-05-12,1332,1339,1305,1314.75,1303.828369,438863
2017-05-15,1323,1348.5,1317.650024,1332.949951,1321.877197,634195
2017-05-16,1337.400024,1358.800049,1327.199951,1347.75,1336.554199,788530
2017-05-17,1350,1374,1297.5,1324.800049,1313.794922,2408302
2017-05-18,1299,1343,1296.050049,1314.550049,1303.630127,1210985
2017-05-19,1324,1333.900024,1265.550049,1289.150024,1278.441162,1167010
2017-05-22,1299,1304,1237.349976,1242.150024,1231.831421,873873
2017-05-23,1249.900024,1265,1190.550049,1233.75,1223.501221,1348383
2017-05-24,1234,1254.900024,1210,1224.349976,1214.179321,787101
2017-05-25,1230,1268,1228.25,1258.849976,1248.3927,905807
2017-05-26,1261.699951,1326.699951,1261.699951,1317.800049,1306.853149,1306793
2017-05-29,1319.400024,1333,1301.900024,1307.449951,1296.588989,652289
2017-05-30,1305.199951,1324.900024,1303.699951,1321.550049,1310.571777,513005
2017-05-31,1323,1334.900024,1316.099976,1326.949951,1315.92688,726284
2017-06-01,1334,1339,1320.25,1327.349976,1316.32373,387968
2017-06-02,1332.400024,1365,1318,1361.25,1349.942017,668081
2017-06-05,1368.550049,1372.650024,1348.050049,1363.099976,1351.776733,570009
2017-06-06,1363.400024,1367.900024,1325,1336.650024,1325.546387,601678
2017-06-07,1341.099976,1360,1335.099976,1343.150024,1331.992554,550988
2017-06-08,1344.900024,1372,1344.699951,1361.699951,1350.388306,570819
2017-06-09,1358,1382,1343.699951,1376.849976,1365.412476,530582
2017-06-12,1369.949951,1383,1356.550049,1364.949951,1353.611328,370028
2017-06-13,1374,1380,1361,1371.5,1360.106934,435644
2017-06-14,1374.199951,1375,1354,1361,1349.694336,634727
2017-06-15,1361.099976,1413,1352.199951,1405.25,1393.576538,1569774
2017-06-16,1415,1424.849976,1403.300049,1410.300049,1398.584717,824516
2017-06-19,1405.199951,1421.699951,1395.599976,1399.849976,1388.221436,426223
2017-06-20,1407.699951,1432.900024,1395.050049,1409.599976,1397.890503,781161
2017-06-21,1404.800049,1426,1401,1416.650024,1404.881958,449181
2017-06-22,1419,1427,1395.300049,1401.800049,1390.155273,477586
2017-06-23,1405,1415.5,1366,1400.75,1389.114014,620781
2017-06-27,1400,1400,1336.75,1349.949951,1338.735962,1053829
2017-06-28,1341,1377,1313.900024,1372.349976,1360.949829,998218
2017-06-29,1379,1394.849976,1366.5,1376.300049,1364.867188,726869
2017-06-30,1367.599976,1380,1352.5,1373.099976,1361.693726,496260
2017-07-03,1380,1390,1366.5,1387.150024,1375.626831,446514
2017-07-04,1390,1408.75,1376.550049,1379.550049,1368.090088,704342
2017-07-05,1375,1407,1370.099976,1398.550049,1386.932251,643929
2017-07-06,1398.900024,1413.5,1392.349976,1399.300049,1391.257324,418130
2017-07-07,1398.5,1403.599976,1387.400024,1391.699951,1383.700806,202005
2017-07-10,1405.599976,1415.050049,1395.099976,1412.800049,1404.679688,149650
2017-07-11,1419.400024,1431,1409.599976,1419.199951,1411.042847,665556
2017-07-12,1424.5,1452,1420,1443.699951,1435.4021,654934
2017-07-13,1452,1489.5,1450.900024,1485.900024,1477.359375,1011798
2017-07-14,1485,1508.650024,1470.650024,1499.400024,1490.781982,570522
2017-07-17,1504.949951,1549.699951,1488.050049,1538.5,1529.657104,947006
2017-07-18,1537.949951,1545.150024,1507,1512.349976,1503.657471,501708
2017-07-19,1519.650024,1577.400024,1515,1541.849976,1532.987915,2655273
2017-07-20,1551,1608,1547.099976,1595.349976,1586.18042,2169635
2017-07-21,1598.900024,1631.5,1585,1621.349976,1612.031006,1380541
2017-07-24,1633,1637.300049,1587.949951,1597.400024,1588.218628,835475
2017-07-25,1606.900024,1632.900024,1600,1627.5,1618.14563,813854
2017-07-26,1636,1695.75,1630,1687.150024,1677.452759,1475906
2017-07-27,1704,1739.800049,1671.099976,1679.349976,1669.69751,1955562
2017-07-28,1672,1710.900024,1662.550049,1701.349976,1691.571167,926268
2017-07-31,1718,1724,1697.599976,1703.099976,1693.311157,576928
2017-08-01,1709.900024,1727.900024,1706.050049,1716.25,1706.385498,692591
2017-08-02,1724.949951,1726.199951,1691.099976,1707.199951,1697.387451,396171
2017-08-03,1714,1729,1698.050049,1701.75,1691.968872,775709
2017-08-04,1704.900024,1730,1701.050049,1723.449951,1713.544067,710636
2017-08-07,1735.5,1805.949951,1729.599976,1798.150024,1787.814941,1504033
2017-08-08,1813,1829.5,1772,1779.800049,1769.570435,1761065
2017-08-09,1769.900024,1769.900024,1682.550049,1697.699951,1687.942139,1899560
2017-08-10,1680,1689.900024,1610.050049,1635.599976,1626.198975,1835002
2017-08-11,1590,1732.599976,1590,1695.400024,1685.655273,3505576
2017-08-14,1721.300049,1742.349976,1705,1710.900024,1701.066284,1311855
2017-08-16,1730,1730,1683.199951,1721.349976,1711.456177,705754
2017-08-17,1730,1762.5,1720.5,1728.75,1718.813599,729269
2017-08-18,1710,1722.900024,1688.5,1704.949951,1695.150391,932335
2017-08-21,1704.949951,1731,1678.550049,1690.599976,1680.882813,1090057
2017-08-22,1708,1713.599976,1662.550049,1682.900024,1673.227295,654334
2017-08-23,1695.900024,1784.699951,1695.900024,1779.300049,1769.073242,1825088
2017-08-24,1791.400024,1797.699951,1752.800049,1760.099976,1749.983398,1324532
2017-08-28,1773.5,1837.400024,1767,1829.949951,1819.432007,1347345
2017-08-29,1835,1835,1762,1773.400024,1763.207153,1482257
2017-08-30,1798,1819.400024,1777.050049,1788.050049,1777.772949,1064601
2017-08-31,1797.400024,1805.699951,1770,1781.900024,1771.658203,1116765
2017-09-01,1790,1807,1790,1799.949951,1789.60437,489396
2017-09-04,1797.949951,1820,1775.550049,1801.349976,1790.99646,658965
2017-09-05,1809.849976,1815.300049,1784.550049,1794.400024,1784.086304,741229
2017-09-06,1782,1883,1777.699951,1858.949951,1848.265259,2742892
2017-09-07,1880,1985.900024,1871.150024,1963.199951,1951.916016,4271734
2017-09-08,1970,1974.949951,1881,1891.199951,1880.329956,2856329
2017-09-11,1900,1935.449951,1898.050049,1920.449951,1909.411865,1098804
2017-09-12,1935,1935,1886.599976,1894.400024,1883.511597,1473997
2017-09-13,1895,1924.699951,1895,1907.150024,1896.188232,810810
2017-09-14,1913,1935.5,1901,1909.900024,1898.922485,951870
2017-09-15,1895.599976,1912.099976,1881.400024,1902.75,1891.813599,922149
2017-09-18,1916,1929.25,1906.599976,1911.650024,1900.662354,430947
2017-09-19,1924.099976,1928.699951,1904.050049,1911.800049,1900.811523,598020
2017-09-20,1918.800049,1918.849976,1900,1904.900024,1893.951294,377551
2017-09-21,1908,1926,1871.550049,1919.5,1908.467285,754880
2017-09-22,1910,1910,1847,1863.150024,1852.441284,1772943
2017-09-25,1859.949951,1859.949951,1759,1796,1785.677124,1826884
2017-09-26,1796,1862.800049,1780.949951,1840.099976,1829.523682,1044947
2017-09-27,1859,1859,1795.25,1806.75,1796.365356,764148
2017-09-28,1817,1855,1791,1842.849976,1832.25769,3925555
2017-09-29,1857.949951,1875,1830.349976,1838.050049,1827.485474,1216964
2017-10-03,1860,1873.5,1831.699951,1867.800049,1857.064453,975293
2017-10-04,1879.949951,1879.949951,1852,1862.650024,1851.944092,538069
2017-10-05,1865,1885.5,1855.400024,1866.199951,1855.473511,398463
2017-10-06,1880,1934.550049,1868.400024,1923.599976,1912.543701,1227615
2017-10-09,1928,1954,1916,1941.300049,1930.14209,999574
2017-10-10,1944,1959.400024,1943,1950.800049,1939.587402,517117
2017-10-11,1967,1967,1901.949951,1923.550049,1912.494019,726978
2017-10-12,1940,1957.75,1923,1953.150024,1941.92395,1019350
2017-10-13,1955.099976,1973.699951,1948.449951,1953.050049,1941.824585,849832
2017-10-16,1966,1967,1875.349976,1886.300049,1875.45813,2652753
2017-10-17,1880.25,1902,1856.400024,1867.099976,1856.36853,1782421
2017-10-18,1870,1884,1848.650024,1868.5,1857.760376,710046
2017-10-19,1872.800049,1872.800049,1832,1845.900024,1835.290405,169845
2017-10-23,1845,1856.900024,1812.199951,1833.75,1823.210083,1011137
2017-10-24,1848,1848,1816,1826.050049,1815.554443,929872
2017-10-25,1820,1820,1713.550049,1726.349976,1716.42749,2865279
2017-10-26,1739,1766,1700.099976,1746.75,1736.710083,1641262
2017-10-27,1760.050049,1828.650024,1752.449951,1819,1808.545044,1656079
2017-10-30,1832,1836.25,1797.800049,1804.300049,1793.929443,563901
2017-10-31,1787,1824.050049,1774.550049,1800.599976,1790.250732,764883
2017-11-01,1809.599976,1819.699951,1801,1806.75,1796.365356,468999
2017-11-02,1815,1821.900024,1802,1810.199951,1799.795532,458603
2017-11-03,1825,1845,1808.400024,1836.949951,1826.391724,769995
2017-11-06,1818,1844.900024,1811.800049,1822,1811.527588,583097
2017-11-07,1848,1848,1773.300049,1802.550049,1792.189575,769590
2017-11-08,1794.550049,1804.900024,1771.550049,1775.699951,1765.493774,549567
2017-11-09,1787.050049,1793.400024,1733,1753,1742.924194,866349
2017-11-10,1731.099976,1769,1731.099976,1745,1734.970215,805954
2017-11-13,1759.949951,1759.949951,1718.5,1728.75,1718.813599,544530
2017-11-14,1731,1769.900024,1720.199951,1754.900024,1744.813477,633554
2017-11-15,1762.099976,1763.949951,1707.050049,1713.800049,1703.949585,926465
2017-11-16,1725,1780.199951,1716.5,1764.25,1754.109619,901089
2017-11-17,1790,1817,1778.099976,1787.349976,1777.076782,943939
2017-11-20,1786.800049,1807.5,1770.050049,1805.25,1794.873901,602115
2017-11-21,1819,1822.75,1791.25,1809.75,1799.348145,495585
2017-11-22,1816.699951,1816.699951,1768.550049,1773.949951,1763.753784,738204
2017-11-23,1777,1782.449951,1747,1763.650024,1753.513184,587412
2017-11-24,1773,1798.300049,1764,1790,1779.711548,572947
2017-11-27,1780,1784.300049,1765,1773.25,1763.057983,573099
2017-11-28,1772,1783.949951,1762.5,1766.400024,1756.247314,552962
2017-11-29,1765,1777.949951,1751,1756.300049,1746.205322,687118
2017-11-30,1754.849976,1759.400024,1722.349976,1727.050049,1717.123535,1304556
2017-12-01,1737,1741.800049,1705.300049,1711.599976,1701.762207,601822
2017-12-04,1724,1724,1670.150024,1675.949951,1666.317017,802041
2017-12-05,1675.949951,1719,1661.050049,1707.400024,1697.586304,1109920
2017-12-06,1699.949951,1714.900024,1662.5,1671.449951,1661.842896,933213
2017-12-07,1685,1690.150024,1661,1676.300049,1666.665161,986167
2017-12-08,1685,1708.199951,1683.300049,1702.25,1692.466064,767714
2017-12-11,1710,1720,1690.199951,1707.800049,1697.984131,616189
2017-12-12,1705,1716,1690.099976,1699.25,1689.483276,1051828
2017-12-13,1694.75,1700.75,1661,1671.800049,1662.19104,932378
2017-12-14,1675,1698.900024,1627.050049,1685.849976,1676.160278,1257072
2017-12-15,1700,1739.699951,1692,1729.599976,1719.658691,1507279
2017-12-18,1726,1773,1653.199951,1756.849976,1746.752075,1630170
2017-12-19,1766,1770.849976,1739.050049,1757.75,1747.646973,707467
2017-12-20,1765,1785,1750,1770.400024,1760.224365,957893
2017-12-21,1774.949951,1774.949951,1743.349976,1748.050049,1738.002808,896398
2017-12-22,1756,1788.400024,1750,1782.449951,1772.204956,662716
2017-12-26,1784.699951,1795,1774.199951,1789.5,1779.214478,494224
2017-12-27,1797.199951,1797.599976,1762,1770.949951,1760.771118,450413
2017-12-28,1780,1782,1745.5,1755.150024,1745.06189,886376
2017-12-29,1749.25,1765.900024,1748.150024,1756.699951,1746.602905,447507
2018-01-01,1759.5,1760,1720.400024,1725.650024,1715.731567,535319
2018-01-02,1739.699951,1739.699951,1710,1724.650024,1714.737305,576208
2018-01-03,1727,1738.349976,1711,1715.300049,1705.440918,416136
2018-01-04,1725,1758.25,1714,1754,1743.918579,730147
2018-01-05,1766,1821,1759.099976,1814.5,1804.070801,984327
2018-01-08,1820,1843,1820,1836.849976,1826.292358,825022
2018-01-09,1843,1843,1810,1819.5,1809.042114,512721
2018-01-10,1820,1820.949951,1794,1802.199951,1791.841553,406791
2018-01-11,1798,1798,1773.050049,1780.349976,1770.117065,818471
2018-01-12,1783,1790.900024,1751.150024,1770.099976,1759.926025,606316
2018-01-15,1771,1794.900024,1733,1738.150024,1728.159668,847037
2018-01-16,1745.800049,1745.800049,1684.599976,1687.349976,1677.651489,1076581
2018-01-17,1695.099976,1709.849976,1665.699951,1701.199951,1691.421997,1199501
2018-01-18,1712,1717.25,1654,1660.699951,1651.154785,961692
2018-01-19,1660.900024,1711.25,1632.599976,1701.900024,1692.118042,974597
2018-01-22,1714,1726,1678,1706.349976,1696.542358,924498
2018-01-23,1710,1718,1692.400024,1708.699951,1698.878906,1245493
2018-01-24,1715,1746.849976,1697.050049,1739.150024,1729.153931,1441313
2018-01-25,1741,1741.900024,1703.400024,1710.300049,1700.469727,880891
2018-01-29,1711,1735.25,1710,1715.300049,1705.440918,643137
2018-01-30,1715,1718.949951,1671,1678.400024,1668.753052,680104
2018-01-31,1657.449951,1690,1645,1677.849976,1668.206299,1332225
2018-02-01,1681.800049,1760,1644.75,1729.449951,1719.509521,1939812
2018-02-02,1708.050049,1713,1620.199951,1628.900024,1619.53772,1645045
2018-02-05,1600,1627.949951,1546.5,1604.949951,1595.72522,1472164
2018-02-06,1530,1683.75,1511.199951,1662.150024,1652.596436,2109416
2018-02-07,1680,1687,1620.599976,1641.650024,1632.214233,1466983
2018-02-08,1654,1679,1638.050049,1662.150024,1652.596436,750746
2018-02-09,1629.050049,1655,1617.300049,1639.400024,1629.977295,703720
2018-02-12,1645,1656,1635.300049,1643.800049,1634.351929,472115
2018-02-14,1654,1696.949951,1651.550049,1669.949951,1660.351685,1066036
2018-02-15,1678.800049,1711.849976,1601.800049,1677.050049,1667.410889,1177116
2018-02-16,1690,1703.949951,1671.550049,1675.25,1665.621094,947685
2018-02-19,1675,1675,1623.550049,1642.699951,1633.258301,695310
2018-02-20,1654.849976,1657.699951,1626,1638.75,1629.330933,583955
2018-02-21,1658,1658,1587.300049,1596.449951,1587.274048,1689744
2018-02-22,1588,1617.5,1576.449951,1600.349976,1591.151611,1050625
2018-02-23,1606.800049,1638,1602.349976,1633.400024,1624.011719,711474
2018-02-26,1640,1679.800049,1636.5,1674.949951,1665.322754,1036659
2018-02-27,1676,1679.949951,1651,1656.800049,1647.277222,605244
2018-02-28,1644,1659.599976,1629,1640.25,1630.822388,1756349
2018-03-01,1635,1666,1628,1659.349976,1649.812622,1238390
2018-03-05,1660,1660,1621,1636.949951,1627.54126,743779
2018-03-06,1655,1671.849976,1627.599976,1637.75,1628.336792,944176
2018-03-07,1641,1648.650024,1606,1618.349976,1609.048218,644577
2018-03-08,1634.949951,1637.900024,1594.199951,1628.050049,1618.692505,663196
2018-03-09,1635,1667.199951,1616.449951,1654.199951,1644.692139,839718
2018-03-12,1663,1681.900024,1655.050049,1665.25,1655.678711,486187
2018-03-13,1665.5,1698.849976,1663.599976,1680.699951,1671.039673,820802
2018-03-14,1672,1720.900024,1668.25,1710.099976,1700.270874,848659
2018-03-15,1715.099976,1739.900024,1714,1726.25,1716.328003,739187
2018-03-16,1712,1724.650024,1681.050049,1687.900024,1678.198486,1017699
2018-03-19,1698.900024,1698.900024,1627,1631.849976,1622.470581,848984
2018-03-20,1627,1663.099976,1615.199951,1657.300049,1647.774292,1318758
2018-03-21,1674.5,1712,1665.5,1704.550049,1694.752808,1131098
2018-03-22,1708,1720,1690.150024,1695.599976,1685.854248,1153716
2018-03-23,1655,1695,1655,1685.300049,1675.613525,1088426
2018-03-26,1698.900024,1748,1686,1741.599976,1731.589844,1288984
2018-03-27,1750,1798,1749.800049,1772.449951,1762.262451,1670239
2018-03-28,1777,1793,1760.800049,1767.550049,1757.390625,986960
2018-04-02,1769,1825,1769,1818.599976,1808.147217,633203
2018-04-03,1820,1840,1801.599976,1834.25,1823.707275,1049457
2018-04-04,1840,1869.599976,1836.699951,1850.199951,1839.56543,1793441
2018-04-05,1866,1922.099976,1866,1915.599976,1904.589722,1385959
2018-04-06,1919,1943.5,1908.849976,1937.599976,1926.463257,1612001
2018-04-09,1942.599976,1967.75,1930.25,1944.25,1933.075073,1131792
2018-04-10,1950,1952.449951,1913.650024,1926.050049,1914.979736,1013811
2018-04-11,1926,1955,1891.400024,1924.650024,1913.587769,1188976
2018-04-12,1923.75,1942.099976,1911.050049,1929.349976,1918.26062,535354
2018-04-13,1931,1948.849976,1907.599976,1914.349976,1903.346802,592886
2018-04-16,1913.949951,1950,1897.550049,1943.300049,1932.130493,772723
2018-04-17,1959.900024,1959.900024,1918,1935.050049,1923.927979,696203
2018-04-18,1946,1950.550049,1921.300049,1926.849976,1915.775024,462905
2018-04-19,1935,1935.5,1908.150024,1913.300049,1902.302979,632589
2018-04-20,1907.800049,1907.800049,1850.150024,1880.400024,1869.592041,1226196
2018-04-23,1880,1919.75,1860.800049,1899.349976,1888.433105,762125
2018-04-24,1908,1933.25,1898.599976,1917.800049,1906.7771,784895
2018-04-25,1925.949951,1938.949951,1888.650024,1899.849976,1888.930176,677675
2018-04-26,1909,1915,1876.599976,1892.099976,1881.224731,1098339
2018-04-27,1912,1915.449951,1892.5,1901.150024,1890.222778,641591
2018-04-30,1924.900024,1924.900024,1894.800049,1907.699951,1896.735107,647210
2018-05-02,1909,1936.75,1900,1905.099976,1894.150024,687083
2018-05-03,1905.050049,1906.75,1862.599976,1874.300049,1863.526978,471750
2018-05-04,1880,1893.25,1851.650024,1857.400024,1846.724243,562177
2018-05-07,1865,1902,1856.050049,1895.449951,1884.55542,485519
2018-05-08,1898.5,1898.5,1860,1868.400024,1857.661011,669757
2018-05-09,1875.099976,1875.099976,1845,1849.099976,1838.471924,645553
2018-05-10,1852,1861.449951,1818,1837.400024,1826.839111,588792
2018-05-11,1845,1880.75,1828.099976,1861.5,1850.800659,483249
2018-05-14,1863.099976,1883.949951,1842.949951,1864.5,1853.783325,642971
2018-05-15,1865.25,1933.5,1854.5,1901.949951,1891.018188,1570302
2018-05-16,1892.5,1929,1872.900024,1919.949951,1908.914673,952836
2018-05-17,1930,2087.800049,1906.099976,2066.5,2054.622314,5581203
2018-05-18,2069.899902,2171.75,2065.649902,2149.649902,2137.294189,8316734
2018-05-21,2125,2149,2080.550049,2105.449951,2093.348633,2376823
2018-05-22,2111,2177.899902,2110,2149.300049,2136.946777,1963373
2018-05-23,2148,2148,2066.199951,2078.399902,2066.453857,1443827
2018-05-24,2095.5,2109.800049,2068,2094.75,2082.709961,840932
2018-05-25,2107,2151.899902,2103.5,2116,2103.837891,1342145
2018-05-28,2125,2138,2086.25,2094.949951,2082.908936,806190
2018-05-29,2105,2107,2065.050049,2077.100098,2065.161621,727259
2018-05-30,2063.300049,2130,2056.25,2118.649902,2106.472412,1251508
2018-05-31,2142.5,2145,2101,2109.899902,2097.772705,1323397
2018-06-01,2120,2120,2065.800049,2077.399902,2065.459717,604574
2018-06-04,2090.199951,2098.75,2055.300049,2062.850098,2050.993408,513152
2018-06-05,2065,2119.550049,2055,2100.600098,2088.526367,816879
2018-06-06,2122,2172.899902,2107,2160.649902,2148.231201,1802977
2018-06-07,2172,2197.199951,2160.149902,2169.449951,2156.980713,1489413
2018-06-08,2164.899902,2219.949951,2147.050049,2186.850098,2174.281006,3039595
2018-06-11,2210,2258.5,2196.199951,2250.300049,2237.366211,2059581
2018-06-12,2255,2277,2236,2261.25,2248.253174,1655167
2018-06-13,2270,2271.600098,2225.699951,2231.050049,2218.226563,1095372
2018-06-14,2235,2252,2197,2243.25,2230.356445,1321341
2018-06-15,2250,2291.550049,2231.100098,2283.600098,2270.474609,1637500
2018-06-18,2272,2296,2234.199951,2243.149902,2230.25708,1126877
2018-06-19,2235,2281,2227.050049,2270.600098,2257.549316,1151582
2018-06-20,2274.949951,2302.100098,2261.149902,2267.800049,2254.765625,1127273
2018-06-21,2277,2288,2250.100098,2257.449951,2244.475098,717023
2018-06-22,2267,2342,2250.550049,2336.050049,2322.623291,1714224
2018-06-25,2342,2399,2334,2390.600098,2376.859619,2393535
2018-06-26,2385,2419.149902,2344.550049,2367.350098,2353.743164,2337942
2018-06-27,2379.800049,2379.800049,2322.550049,2335.5,2322.076416,1069126
2018-06-28,2337,2348,2253.800049,2274.699951,2261.625732,1713003
2018-06-29,2282.100098,2320,2270.600098,2296.350098,2283.151367,1378421
2018-07-02,2300,2314.699951,2281.100098,2299.550049,2286.333008,840376
2018-07-03,2305,2334,2285.75,2321.100098,2307.759033,810667
2018-07-04,2333,2345,2306.550049,2331.399902,2317.999756,916379
2018-07-05,2339,2349,2322.399902,2330.149902,2320.738525,688785
2018-07-06,2338.800049,2355,2324,2345.699951,2336.22583,690617
2018-07-09,2359,2363.199951,2337,2348.050049,2338.566406,551695
2018-07-10,2360,2382,2350,2366.350098,2356.79248,784134
2018-07-11,2365.899902,2382,2345,2355.600098,2346.085938,594805
2018-07-12,2375,2429,2360.350098,2415,2405.24585,1396150
2018-07-13,2433.850098,2475,2422.199951,2468.600098,2458.629639,1390485
2018-07-16,2475,2499.399902,2460,2472.300049,2462.314697,1172644
2018-07-17,2475,2492.25,2435.600098,2469.149902,2459.177246,944686
2018-07-18,2478.199951,2523.050049,2471.350098,2488.75,2478.698242,1405478
2018-07-19,2503.899902,2537,2357.5,2520.199951,2510.020996,4889817
2018-07-20,2521,2745,2486.850098,2721.350098,2710.358887,7361274
2018-07-23,2720,2797,2717,2755.800049,2744.669434,3551888
2018-07-24,2749,2758,2687.25,2713.350098,2702.391113,2778837
2018-07-25,2727,2778.300049,2692,2705.050049,2694.124512,1884105
2018-07-26,2695,2728.399902,2654.800049,2681.649902,2670.819092,2185905
2018-07-27,2685,2724.5,2667.050049,2713.699951,2702.739746,958703
2018-07-30,2715.550049,2722.600098,2666,2678,2667.183838,822162
2018-07-31,2672,2708.899902,2668.050049,2697.899902,2687.003418,711174
2018-08-01,2715,2771.649902,2702.699951,2722.800049,2711.802734,1584541
2018-08-02,2714.300049,2726.25,2680,2683.850098,2673.010254,781173
2018-08-03,2700,2709,2660.25,2681.300049,2670.470459,741852
2018-08-06,2693.899902,2707.949951,2666.449951,2696.25,2685.360107,622905
2018-08-07,2705,2754.5,2682,2747.350098,2736.253906,1166483
2018-08-08,2755.199951,2819.649902,2752,2813.149902,2801.787842,2113934
2018-08-09,2824,2846.050049,2800,2830.149902,2818.719238,1147083
2018-08-10,2816,2837.399902,2791.25,2808.449951,2797.106934,877508
2018-08-13,2807.949951,2807.949951,2754.199951,2760.399902,2749.250977,809365
2018-08-14,2763.300049,2837.5,2763.300049,2830.199951,2818.768799,1051658
2018-08-16,2832,2908,2822.050049,2856.600098,2845.0625,2229727
2018-08-17,2866,2885,2841.5,2851.199951,2839.684082,688133
2018-08-20,2877.949951,2877.949951,2836.300049,2839.75,2828.280518,665480
2018-08-21,2840.850098,2883,2824.800049,2871.800049,2860.201172,951549
2018-08-23,2889,2909,2871.300049,2893.850098,2882.162109,1675920
2018-08-24,2892,2943.399902,2891.050049,2916.600098,2904.820313,1327710
2018-08-27,2939.399902,2959,2925.050049,2950.75,2938.832031,976004
2018-08-28,2982,2982,2925.800049,2932.600098,2920.755615,1233742
2018-08-29,2930,2994,2930,2985.5,2973.441895,1402583
2018-08-30,2993.899902,2993.899902,2920.949951,2926.75,2914.929199,1452996
2018-08-31,2935,2954.850098,2841.100098,2856.600098,2845.0625,1357206
2018-09-03,2880,2880,2715.300049,2724.050049,2713.047852,2516840
2018-09-04,2724,2777.649902,2683.5,2746.300049,2735.207764,2606992
2018-09-05,2740.149902,2764.800049,2668,2716.899902,2705.926758,1728455
2018-09-06,2729,2731.5,2671.399902,2684.100098,2673.259277,1147879
2018-09-07,2698.399902,2751.399902,2672.600098,2744.199951,2733.116211,1264436
2018-09-10,2732,2738,2596,2615.649902,2605.085693,1570179
2018-09-11,2621,2668.800049,2562.25,2600.75,2590.24585,3357660
2018-09-12,2617.949951,2636.949951,2516.100098,2594,2583.522949,2682340
2018-09-14,2630.5,2683.5,2626.25,2672.199951,2661.407227,1795131
2018-09-17,2660,2660,2588.25,2604.600098,2594.080322,1455320
2018-09-18,2610,2627.449951,2559,2570.399902,2560.018311,1449290
2018-09-19,2585,2597.699951,2486.5,2499.550049,2489.45459,1894557
2018-09-21,2530,2557,2124.649902,2379.399902,2369.789795,5750880
2018-09-24,2422.149902,2422.449951,2168.600098,2260.800049,2251.668945,7798172
2018-09-25,2235,2330.350098,2180.600098,2299.199951,2289.913574,5537396
2018-09-26,2329,2353.949951,2295.100098,2315.550049,2306.197754,2728756
2018-09-27,2323.399902,2323.399902,2192.149902,2204.199951,2195.297363,2796294
2018-09-28,2232,2248,2117,2168,2159.243652,3831096
2018-10-01,2168,2233.350098,2052.199951,2208.5,2199.580078,4821772
2018-10-03,2200,2329.949951,2166.050049,2232.199951,2223.184326,5567701
2018-10-04,2169,2212,2118.550049,2179.149902,2170.348633,4002718
2018-10-05,2160,2214.600098,1963.25,2023.300049,2015.128174,3470441
2018-10-08,1992,2090,1912.199951,1974.849976,1966.873657,5966669
2018-10-09,1975,2115.850098,1947.650024,2060.850098,2052.526611,4859016
2018-10-10,2100,2305.699951,2100,2270.949951,2261.777588,7235957
2018-10-11,2100,2230,2060,2162.100098,2153.367676,5467086
2018-10-12,2227.25,2320,2227.25,2287.350098,2278.111572,3665577
2018-10-15,2319.75,2319.75,2261.100098,2306.199951,2296.885254,2435413
2018-10-16,2325,2362,2285.25,2308.850098,2299.524658,2528484
2018-10-17,2340,2369.25,2132.850098,2150.5,2141.814453,3811985
2018-10-19,2150,2198,2053.949951,2140.5,2131.854736,4286790
2018-10-22,2188,2218.949951,2091,2115.350098,2106.806396,3681946
2018-10-23,2095,2155.350098,1997.550049,2083.350098,2074.935547,9064775
2018-10-24,2175,2339,2160,2311.800049,2302.462891,10357295
2018-10-25,2285,2348,2256.800049,2335,2325.569092,5201159
2018-10-26,2329.949951,2376.800049,2278.5,2338.899902,2329.453369,3795831
2018-10-29,2338.899902,2392,2315,2380.449951,2370.835449,2201145
2018-10-30,2395,2423.899902,2350.350098,2356.350098,2346.833008,2202230
2018-10-31,2367.800049,2392,2306.899902,2382.550049,2372.927002,2808812
2018-11-01,2391.449951,2435,2372.449951,2418.100098,2408.333496,2552134
2018-11-02,2443,2474.899902,2365,2383.300049,2373.674072,2367117
2018-11-05,2390,2409,2332.699951,2359.399902,2349.870605,1625999
2018-11-06,2370,2389.899902,2332.350098,2339.75,2330.299805,1368682
2018-11-07,2360,2364.5,2343.699951,2348.399902,2338.915039,171467
2018-11-09,2349.649902,2383.850098,2338.25,2375.350098,2365.756348,1327846
2018-11-12,2375.350098,2385,2270,2277.600098,2268.401123,1479678
2018-11-13,2270,2308.350098,2233.100098,2285,2275.770996,2297710
2018-11-14,2299,2315,2265,2293.949951,2284.684814,1456146
2018-11-15,2287,2348,2285.100098,2341.300049,2331.84375,1577115
2018-11-16,2342,2417.199951,2340,2402.100098,2392.398438,1918873
2018-11-19,2420,2422.300049,2350.300049,2360.949951,2351.414307,1357795
2018-11-20,2365,2392.949951,2345.75,2380.100098,2370.487061,1237702
2018-11-21,2389,2435,2361.699951,2430.550049,2420.733154,1514725
2018-11-22,2432,2454.800049,2360,2381.5,2371.881348,1604279
2018-11-26,2400,2411.899902,2346.949951,2394.600098,2384.928467,1391434
2018-11-27,2395,2439.899902,2375,2435.449951,2425.613281,1594955
2018-11-28,2445.949951,2449,2396.25,2412.550049,2402.805908,1396260
2018-11-29,2435,2517.600098,2416.850098,2506.5,2496.376465,2861284
2018-11-30,2538,2564.399902,2507.050049,2537.699951,2527.450439,2737341
2018-12-03,2548,2555.550049,2490.75,2508.649902,2498.517822,1115592
2018-12-04,2509,2549,2495,2543.550049,2533.276855,1329587
2018-12-05,2539.899902,2539.899902,2470.300049,2494.100098,2484.026611,1327031
2018-12-06,2481,2494,2418,2432.399902,2422.575684,1317472
2018-12-07,2443,2497.75,2414.649902,2486.350098,2476.307861,1478720
2018-12-10,2410.449951,2443.899902,2382.350098,2395.550049,2385.874512,1399894
2018-12-11,2360,2446.5,2332.100098,2426.75,2416.948486,2189278
2018-12-12,2445,2514.899902,2434.350098,2493.949951,2483.877197,1683197
2018-12-13,2510.199951,2528.949951,2475,2489.100098,2479.046875,1713161
2018-12-14,2488.25,2512,2464.25,2486.350098,2476.307861,1204379
2018-12-17,2498.600098,2509.899902,2466.25,2474.399902,2464.406006,1019602
2018-12-18,2469.699951,2538.199951,2446.600098,2532.199951,2521.972412,1653107
2018-12-19,2550.800049,2629.100098,2550.149902,2596.899902,2586.411377,2946314
2018-12-20,2560,2609.899902,2531.600098,2591.399902,2580.93335,1467028
2018-12-21,2615,2623.899902,2532.699951,2591.25,2580.78418,3042464
2018-12-24,2594,2604.850098,2553,2564.899902,2554.540527,1050017
2018-12-26,2560,2582.949951,2503.699951,2567.399902,2557.030518,1662068
2018-12-27,2598.850098,2626.75,2570,2587.149902,2576.700439,1626301
2018-12-28,2603,2643.800049,2585.949951,2634.800049,2624.158447,1901581
2018-12-31,2656.949951,2666.300049,2635.600098,2645.149902,2634.466553,1453327
2019-01-01,2645,2664,2612.100098,2656.850098,2646.119385,917872
2019-01-02,2635.100098,2662,2601.899902,2614.050049,2603.492188,1304915
2019-01-03,2612,2648,2575.300049,2586.199951,2575.754395,1282478
2019-01-04,2601,2611.899902,2563.649902,2576.050049,2565.645752,1051021
2019-01-07,2601,2605,2545.350098,2553.600098,2543.286133,1024328
2019-01-08,2560,2582,2525.050049,2537.050049,2526.803223,1233379
2019-01-09,2546,2559.800049,2510,2524.350098,2514.154297,1093992
2019-01-10,2526,2542.449951,2504.699951,2514.649902,2504.493408,910839
2019-01-11,2516,2530,2488,2514.199951,2504.04541,818218
2019-01-14,2515.949951,2552.899902,2484.149902,2544.800049,2534.521729,1021504
2019-01-15,2551,2613,2551,2604.199951,2593.681885,1466303
2019-01-16,2598.399902,2612.149902,2562.800049,2569.850098,2559.470703,952597
2019-01-17,2574,2586.550049,2527.050049,2535.899902,2525.657715,994183
2019-01-18,2545,2555,2525.100098,2542.899902,2532.629395,753775
2019-01-21,2548,2606,2526.600098,2594.199951,2583.722168,1332159
2019-01-22,2585,2635,2575,2621.899902,2611.310303,1474713
2019-01-23,2619,2653,2611,2634.350098,2623.710205,992504
2019-01-24,2639,2653.5,2603.100098,2635.649902,2625.004883,753856
2019-01-25,2649,2661,2585,2599.550049,2589.050781,916927
2019-01-28,2610,2610,2355,2458.5,2448.570313,2364047
2019-01-29,2468,2570.100098,2371.649902,2515.550049,2505.389893,6118833
2019-01-30,2580,2623.699951,2546,2595.5,2585.01709,3879707
2019-01-31,2608,2608,2526,2574.850098,2564.450439,2083418
2019-02-01,2575,2687.899902,2575,2628.399902,2617.783936,2117768
2019-02-04,2610,2623.550049,2572.199951,2594.449951,2583.971191,942113
2019-02-05,2600,2642.100098,2593.949951,2603.600098,2593.084473,1010817
2019-02-06,2619,2720,2612.100098,2711.25,2700.299561,1798461
2019-02-07,2725,2731,2684.100098,2696.600098,2685.70874,1760580
2019-02-08,2670,2737.449951,2670,2707.149902,2696.21582,1510785
2019-02-11,2724.699951,2724.699951,2635,2657.199951,2646.467773,1194702
2019-02-12,2668,2677.149902,2616.300049,2621.800049,2611.210938,1200370
2019-02-14,2579.949951,2622,2556.899902,2609.199951,2598.661621,1214126
2019-02-15,2610,2610,2506,2561.100098,2550.756104,1640696
2019-02-18,2548.050049,2561,2512.449951,2549.449951,2539.152832,1154520
2019-02-19,2551,2606.949951,2545,2559.800049,2549.461182,1148339
2019-02-20,2585,2614.800049,2571,2606.149902,2595.624023,1038127
2019-02-21,2610,2660,2593.050049,2654.699951,2643.977783,1139823
2019-02-22,2652.550049,2674,2632.399902,2640.399902,2629.735596,825672
2019-02-25,2639,2675,2613.75,2657.75,2647.015625,1024040
2019-02-26,2637.300049,2678,2600,2657.75,2647.015625,1618996
2019-02-27,2670,2696.649902,2625,2642,2631.329102,1147839
2019-02-28,2666.600098,2667,2630,2649,2638.300781,1136843
2019-03-01,2663.300049,2674.300049,2640,2660.75,2650.003418,707094
2019-03-05,2655,2708.350098,2644.600098,2695.149902,2684.264404,847307
2019-03-06,2715,2774.199951,2700,2766.699951,2755.525635,1543424
2019-03-07,2774.949951,2782.300049,2725,2734.800049,2723.754639,859851
2019-03-08,2724.899902,2779,2716.600098,2768.300049,2757.119141,1178087
2019-03-11,2769,2807.949951,2769,2791.050049,2779.7771,1169075
2019-03-12,2808.800049,2816.649902,2745.5,2753.050049,2741.930664,1385335
2019-03-13,2760,2837.949951,2748.850098,2828.149902,2816.727295,1549296
2019-03-14,2832,2835,2787.100098,2808.100098,2796.758545,896055
2019-03-15,2818.800049,2899,2815,2860.75,2849.195557,2091562
2019-03-18,2872,2941.100098,2845,2929.550049,2917.717773,1819986
2019-03-19,2930,2962.899902,2910.050049,2920.899902,2909.102783,1480565
2019-03-20,2924.800049,2934.550049,2857.800049,2868.600098,2857.01416,1406862
2019-03-22,2868,2895.5,2816,2836.649902,2825.192871,1250876
2019-03-25,2804,2862,2801,2849.800049,2838.289795,1066757
2019-03-26,2860,2942,2859,2934.350098,2922.498535,1570637
2019-03-27,2950,3014.149902,2932.5,2945.25,2933.354492,2419656
2019-03-28,2940.100098,3000,2940.050049,2995.850098,2983.750244,1366945
2019-04-01,3030.199951,3046.399902,2991,3001.449951,2989.327393,1109000
2019-04-02,3024.800049,3077,2998.350098,3055.199951,3042.860352,1136238
2019-04-03,3073,3089,3038.149902,3046,3033.697266,1052752
2019-04-04,3060,3065,3017.449951,3039.449951,3027.173828,772776
2019-04-05,3048,3125,3046.100098,3114.199951,3101.62207,1244408
2019-04-08,3123,3130,3018,3024.100098,3011.885986,1642189
2019-04-09,3016.550049,3049.100098,2979.449951,3008.699951,2996.548096,1733324
2019-04-10,3011.100098,3037,2986,2998.350098,2986.23999,994899
2019-04-11,3008,3055,2992,3047.850098,3035.540039,1016712
2019-04-12,3052,3062,3001.300049,3008.800049,2996.647705,1048138
2019-04-15,3028.600098,3033,3001.949951,3022.25,3010.043457,651634
2019-04-16,3018,3057.300049,3018,3032.5,3020.251953,1021478
2019-04-18,3038.699951,3046,2995,3014.449951,3002.274902,658826
2019-04-22,3010,3010,2975,2991.25,2979.168701,662157
2019-04-23,2992,3058.5,2987.050049,3035.050049,3022.791748,991968
2019-04-24,3035,3099,3032,3093.050049,3080.557617,990580
2019-04-25,3099.800049,3114.399902,3072.649902,3081,3068.556152,1240564
2019-04-26,3089,3105,3045,3096.850098,3084.342285,613807
2019-04-30,3092,3120,3040,3095.949951,3083.445557,900968
2019-05-02,3095,3148.949951,3060,3131.75,3119.101074,895830
2019-05-03,3130.100098,3165,3102.300049,3111.850098,3099.281738,730728
2019-05-06,3066,3094,3026,3034.300049,3022.044678,966487
2019-05-07,3052.899902,3069.800049,3007.600098,3017.050049,3004.864258,970264
2019-05-08,3012,3017,2900,2921.300049,2909.501221,1155023
2019-05-09,2900,2991.800049,2885,2971.350098,2959.349121,1745234
2019-05-10,2970.100098,2996,2900,2922.850098,2911.044922,1630089
2019-05-13,2929.899902,2957.949951,2906,2931.850098,2920.008789,1356229
2019-05-14,2927.949951,2941.949951,2848.100098,2881.850098,2870.210449,1861760
2019-05-15,2921,3023.25,2870.800049,3002.75,2990.622314,2453670
2019-05-16,3014,3129,3010.25,3110.050049,3097.48877,3644672
2019-05-17,3137,3316,3122.050049,3301.100098,3287.76709,5848716
2019-05-20,3390,3444.550049,3343,3407.550049,3393.787109,2724859
2019-05-21,3418.050049,3488,3375,3433.300049,3419.43335,2884997
2019-05-22,3442,3459.550049,3398.050049,3448.899902,3434.969971,1566812
2019-05-23,3495,3518,3355.649902,3377.75,3364.107422,2406205
2019-05-24,3400,3475,3391.300049,3467.899902,3453.893555,1568523
2019-05-27,3480,3484.949951,3440,3449,3435.069824,932000
2019-05-28,3468,3468.149902,3386.75,3409.800049,3396.028076,1627768
2019-05-29,3403,3433,3384.5,3409.25,3395.480469,921278
2019-05-30,3408.899902,3489.699951,3400.050049,3481.649902,3467.587646,1175111
2019-05-31,3497.449951,3531,3448.699951,3467.100098,3453.09668,2172866
2019-06-03,3460,3529.899902,3460,3511.050049,3496.869141,1241133
2019-06-04,3514.5,3550,3509.550049,3531.149902,3516.887939,1051400
2019-06-06,3533,3533,3445.449951,3452.949951,3439.003662,1314916
2019-06-07,3453.149902,3519,3419.949951,3509.449951,3495.275391,1285044
2019-06-10,3546.949951,3557.75,3506,3519.600098,3505.384766,983274
2019-06-11,3537,3564,3511.25,3551.850098,3537.504395,903155
2019-06-12,3539.949951,3539.949951,3482,3505.850098,3491.690186,1214470
2019-06-13,3505,3551,3500,3544.5,3530.184082,880318
2019-06-14,3553.949951,3569.800049,3501,3518.399902,3504.189209,864641
2019-06-17,3529,3529.800049,3456,3466.5,3452.499268,953460
2019-06-18,3474,3530,3469.050049,3509.300049,3495.126465,1083527
2019-06-19,3539,3548,3500.100098,3525.5,3511.260986,873941
2019-06-20,3519,3589,3507.399902,3582.550049,3568.080566,1107005
2019-06-21,3597.100098,3599,3550,3565.850098,3551.447998,1058266
2019-06-24,3562,3579.899902,3533.050049,3545.350098,3531.030762,543703
2019-06-25,3545.350098,3586,3530.350098,3579.850098,3565.391357,827869
2019-06-26,3569.850098,3635,3563,3627.949951,3613.296875,978806
2019-06-27,3635,3659,3620.100098,3642.199951,3627.489258,1135142
2019-06-28,3652.449951,3693.25,3629.699951,3681.100098,3666.232422,1200036
2019-07-01,3688.699951,3716,3685,3699,3684.060059,913884
2019-07-02,3699,3720,3670.050049,3711.100098,3696.111328,706478
2019-07-03,3714,3730.300049,3695,3715.399902,3700.393799,605040
2019-07-04,3730,3749.899902,3705.149902,3732.5,3717.424805,743616
2019-07-05,3734,3762,3706.449951,3719.149902,3704.128662,776280
2019-07-08,3724.949951,3724.949951,3375,3413.300049,3399.513916,3857132
2019-07-09,3410,3625,3336.399902,3603.100098,3588.547607,5196125
2019-07-10,3599.949951,3599.949951,3412,3429.050049,3415.200439,2909584
2019-07-11,3460,3525.649902,3366.550049,3451.050049,3443.13623,2712241
2019-07-12,3470,3470,3366,3377.5,3369.754883,2696678
2019-07-15,3398.5,3440,3353.600098,3412.100098,3404.275635,1618073
2019-07-16,3433.399902,3464.899902,3406.050049,3448.699951,3440.791504,1685856
2019-07-17,3440,3481.75,3440,3463.300049,3455.358154,915547
2019-07-18,3460,3520,3444,3467.649902,3459.697998,1320464
2019-07-19,3476,3501.25,3263.100098,3323.100098,3315.479736,3033909
2019-07-22,3316,3316,3164.649902,3246.600098,3239.155029,3692023
2019-07-23,3257,3297.350098,3208.149902,3276.899902,3269.385498,2223691
2019-07-24,3274.100098,3294,3135,3173.550049,3166.272461,2767989
2019-07-25,3198.899902,3243.399902,2996.199951,3046.5,3039.513916,10290577
2019-07-26,3046.5,3278,2994,3264.600098,3257.11377,6945080
2019-07-29,3272.75,3300,3180,3252.649902,3245.190918,3478473
2019-07-30,3260,3299,3231.300049,3249.949951,3242.497314,2284905
2019-07-31,3233.050049,3267.649902,3160.100098,3252.050049,3244.592529,2438130
2019-08-01,3231,3261,3174,3222.100098,3214.711182,1892516
2019-08-02,3189,3287.550049,3120,3237.899902,3230.474854,3356019
2019-08-05,3199.800049,3199.800049,3143,3160.050049,3152.803467,2013371
2019-08-06,3160.050049,3287,3153.149902,3272.25,3264.746094,2005139
2019-08-07,3275,3325,3252.300049,3265.800049,3258.311035,2398910
2019-08-08,3290,3360,3261,3334.699951,3327.052979,1587742
2019-08-09,3359.949951,3449.600098,3340,3419.699951,3411.85791,2101757
2019-08-13,3419.699951,3424,3208.050049,3221.850098,3214.461914,1900694
2019-08-14,3269.949951,3329.899902,3245,3289.949951,3282.405518,2770237
2019-08-16,3280.600098,3358.899902,3253.350098,3337.199951,3329.547119,1758154
2019-08-19,3364.899902,3379,3311,3328.050049,3320.418213,1432842
2019-08-20,3327,3334.399902,3235.25,3294.100098,3286.546143,1688717
2019-08-21,3289.899902,3321.949951,3246.199951,3261.449951,3253.970947,1552801
2019-08-22,3259,3259,3098.449951,3114.100098,3106.958984,2506194
2019-08-23,3118,3200,2998,3174.350098,3167.070801,3143787
2019-08-26,3274,3338.800049,3183.050049,3324.25,3316.626953,2950017
2019-08-27,3352,3398,3340.100098,3357.75,3350.050049,2225937
2019-08-28,3348.800049,3362.649902,3296.75,3326.350098,3318.722168,1250915
2019-08-29,3323.699951,3330,3276,3299.300049,3291.734131,1529926
2019-08-30,3310.149902,3347,3260,3332.5,3324.85791,2118953
2019-09-03,3303,3315,3234.199951,3258.5,3251.027588,1199726
2019-09-04,3267,3274.350098,3208,3250.25,3242.796631,1879349
2019-09-05,3286,3305,3242.800049,3292.699951,3285.14917,1501226
2019-09-06,3330,3388,3298,3373,3365.265137,1700894
2019-09-09,3374,3450,3352.149902,3437.350098,3429.467773,1802551
2019-09-11,3445.350098,3456,3385.300049,3416.399902,3408.56543,1301112
2019-09-12,3402.5,3429,3370.600098,3382.350098,3374.59375,1164086
2019-09-13,3389,3436,3372.5,3427.350098,3419.490723,1328363
2019-09-16,3395,3449.949951,3382.300049,3418.850098,3411.01001,1179767
2019-09-17,3424.949951,3434,3354,3368.399902,3360.675537,1361872
2019-09-18,3407,3464.5,3388.5,3413.850098,3406.021484,1853668
2019-09-19,3426,3426.399902,3340.300049,3362.050049,3354.340332,1237692
2019-09-20,3385.300049,3750,3282.649902,3702.199951,3693.710205,5648086
2019-09-23,3820,4070,3763.899902,4023.75,4014.522949,4011002
2019-09-24,4025,4025,3927,3961.75,3952.665039,2189604
2019-09-25,3960,3998.899902,3890,3930.899902,3921.885742,2414729
2019-09-26,3955,4015,3945.100098,4000.800049,3991.625488,2388165
2019-09-27,4006,4085,3990,4057.399902,4048.095703,2024478
2019-09-30,4065.899902,4111.75,4031,4046.050049,4036.771729,2256361
2019-10-01,4080,4089.100098,3946.300049,3992.399902,3983.244629,1615506
2019-10-03,3985,4004.949951,3931.850098,3959.800049,3950.719482,1245840
2019-10-04,3979,4004,3892.300049,3903.949951,3894.997559,1478266
2019-10-07,3880,3958.25,3819.449951,3900.899902,3891.95459,1406152
2019-10-09,3915,4035,3880.050049,4023.899902,4014.672363,1356600
2019-10-10,4013.649902,4015,3931,3948.899902,3939.844482,1102788
2019-10-11,3979,4015,3925,3973.199951,3964.088623,1623866
2019-10-14,3988,4006.300049,3853.050049,3883.300049,3874.39502,1768352
2019-10-15,3895,3916,3843,3879.449951,3870.553711,1394894
2019-10-16,3910,4032,3900,4016.399902,4007.189697,2381769
2019-10-17,4020.050049,4117.200195,4001,4106.799805,4097.382324,2103593
2019-10-18,4100,4199,4080,4137.649902,4128.161621,1836213
2019-10-22,4165,4219.850098,4000.100098,4034.149902,4024.898926,5034755
2019-10-23,4089.949951,4110,3968,4038.350098,4029.089355,2442249
2019-10-24,4062,4080,4012.550049,4026.149902,4016.917236,1267557
2019-10-25,4037.800049,4063.850098,3900,3987.25,3978.106445,1758098
2019-10-27,null,null,null,null,null,null
2019-10-29,3990,4060,3962.449951,4047.25,4037.968994,1335515
2019-10-30,4074.949951,4074.949951,3985,3992,3982.845703,1338554
2019-10-31,4004.199951,4050,3995,4027.550049,4018.314209,1251220
2019-11-01,4029,4110,4021,4069.850098,4060.517334,1875612
2019-11-04,4087,4177.5,4076.149902,4113,4103.568359,1863158
2019-11-05,4172,4255,4135,4227.799805,4218.10498,2934652
2019-11-06,4260,4280,4176.649902,4188.149902,4178.545898,2076695
2019-11-07,4204.700195,4239.200195,4188.200195,4225.850098,4216.159668,1141603
2019-11-08,4220,4240,4148,4159.450195,4149.912109,1509693
2019-11-11,4160,4188,4142.899902,4169.049805,4159.489258,769302
2019-11-13,4166.899902,4175,4132,4144.549805,4135.04541,899015
2019-11-14,4158,4221,4120.399902,4210.549805,4200.894531,1383629
2019-11-15,4220.200195,4247.25,4175.549805,4187.600098,4177.99707,1193171
2019-11-18,4199,4209.549805,4145.149902,4154.899902,4145.37207,927364
2019-11-19,4165,4182.149902,4126.25,4135.75,4126.266113,829535
2019-11-20,4140,4182,4127.399902,4138.549805,4129.05957,813879
2019-11-21,4140,4160,4112,4123.649902,4114.193848,702853
2019-11-22,4130,4143.799805,4041,4078.300049,4068.947754,1222615
2019-11-25,4100,4149.149902,4062.300049,4141.700195,4132.202637,1389304
2019-11-26,4145,4173.950195,4087,4098.350098,4088.951904,1502727
2019-11-27,4121,4124.899902,4095,4118.350098,4108.90625,485064
2019-11-28,4120,4139.049805,4065,4102.049805,4092.643066,969708
2019-11-29,4095,4135,4062.350098,4074.199951,4064.857178,831983
2019-12-02,4075,4077.350098,3920.100098,3950.449951,3941.390869,2065404
2019-12-03,3939.949951,3995,3886.5,3964.550049,3955.45874,1984382
2019-12-04,3958,4004.100098,3935,3990.850098,3981.698486,1430830
2019-12-05,3990.850098,4034,3968,3990.850098,3981.698486,1255304
2019-12-06,4010,4027.800049,3927.399902,3951.649902,3942.588135,1171355
2019-12-09,3969.600098,3971.449951,3880.25,3944.850098,3935.803955,1268942
2019-12-10,3950,3995,3945.5,3986.850098,3977.70752,1159480
2019-12-11,4001.5,4055,3984.050049,4036.800049,4027.542969,1365981
2019-12-12,4050,4065,4010.050049,4057.149902,4047.846191,1087056
2019-12-13,4070,4089.25,4041.100098,4071.949951,4062.612305,861656
2019-12-16,4087.949951,4087.949951,4031.550049,4039.449951,4030.186768,826069
2019-12-17,4056.949951,4155,4046.949951,4135.75,4126.266113,1379484
2019-12-18,4140.450195,4158.850098,4101.049805,4119.350098,4109.903809,1109775
2019-12-19,4113.049805,4145,4085.300049,4091.850098,4082.466797,736104
2019-12-20,4107,4145,4081,4135.600098,4126.116699,1054234
2019-12-23,4138.600098,4184,4130,4160,4150.460449,1137879
2019-12-24,4158,4180.700195,4125.649902,4139.5,4130.007324,751979
2019-12-26,4149.950195,4196.450195,4133.25,4187.100098,4177.498535,1265020
2019-12-27,4198,4260,4192,4252.649902,4242.897949,1126648
2019-12-30,4274.850098,4281.549805,4230,4243.299805,4233.569336,831910
2019-12-31,4247,4266.399902,4218.600098,4234.75,4225.039063,779608
2020-01-01,4237.799805,4252,4221,4231.299805,4221.59668,407042
2020-01-02,4240,4295.75,4235,4246.049805,4236.312988,863844
2020-01-03,4220,4234.799805,4173,4193.450195,4183.833984,1176850
2020-01-06,4164,4204,3983.800049,3996.699951,3987.534912,2866735
2020-01-07,4055,4092,3996.199951,4007.649902,3998.459717,2149042
2020-01-08,3950,4060.350098,3950,4049.949951,4040.662842,1630576
2020-01-09,4105.899902,4148,4080,4124.200195,4114.742676,1419388
2020-01-10,4130.100098,4185.899902,4118,4144.850098,4135.345215,1106624
2020-01-13,4168,4182.25,4146,4164.5,4154.950195,645152
2020-01-14,4170,4202.399902,4150.450195,4193,4183.384766,703434
2020-01-15,4189.950195,4220,4170.049805,4207.25,4197.602051,616976
2020-01-16,4190,4229.950195,4188,4220.25,4210.572266,578728
2020-01-17,4217,4242,4202,4231.75,4222.045898,671129
2020-01-20,4229,4252.950195,4125.149902,4152.600098,4143.077637,848639
2020-01-21,4149.950195,4186.100098,4117.049805,4138.600098,4129.109375,897922
2020-01-22,4186,4186.5,4123.350098,4142.200195,4132.70166,797901
2020-01-23,4123,4163.850098,4085,4125.799805,4116.338867,1154522
2020-01-24,4120,4205.649902,4111,4194.5,4184.881348,864892
2020-01-27,4174,4208,4154,4164.350098,4154.800293,782155
2020-01-28,4150.149902,4249,4150.149902,4213,4203.338867,1052764
2020-01-29,4244.899902,4444,4215.100098,4419,4408.866699,4581413
2020-01-30,4464,4485,4344.850098,4364.299805,4354.291504,3577774
2020-01-31,4370,4420.100098,4333.799805,4365.899902,4355.888184,1736927
2020-02-03,4250.200195,4376.899902,4250.200195,4359.350098,4349.353516,1094181
2020-02-04,4387.950195,4550,4377.149902,4519.25,4508.886719,1958323
2020-02-05,4515,4539.950195,4477.649902,4528.200195,4517.816406,1285631
2020-02-06,4528.200195,4677.850098,4525,4666.350098,4655.649414,1846477
2020-02-07,4663.950195,4686.899902,4626.100098,4654.299805,4643.626465,950326
2020-02-10,4660,4734,4640,4721.75,4710.922363,1160879
2020-02-11,4737,4785,4736,4749.350098,4738.458984,1167429
2020-02-12,4770,4782.200195,4722,4768.700195,4757.764648,882964
2020-02-13,4766,4800.600098,4735,4795.350098,4784.353516,681039
2020-02-14,4800,4815,4768,4781.75,4770.784668,731118
2020-02-17,4781.75,4798,4750.049805,4776.649902,4765.696289,716484
2020-02-18,4769.399902,4771.950195,4701.600098,4758,4747.088867,728611
2020-02-19,4785,4887,4780.100098,4878.049805,4866.86377,1172049
2020-02-20,4867.899902,4923.399902,4853.75,4880.450195,4869.258301,1634643
2020-02-24,4840,4876,4751.200195,4803.950195,4792.934082,1263389
2020-02-25,4849.899902,4849.899902,4784,4825.950195,4814.883301,959309
2020-02-26,4815,4837.75,4767.25,4810,4798.969727,851346
2020-02-27,4815,4815,4712.100098,4759.799805,4748.884766,1174870
2020-02-28,4640,4640,4311.75,4465.850098,4455.609375,4941410
2020-03-02,4600,4617.950195,4305.649902,4360.75,4350.75,2238216
2020-03-03,4400,4474.950195,4320.049805,4454.100098,4454.100098,2023503
2020-03-04,4466,4496.799805,4225,4286.399902,4286.399902,2472991
2020-03-05,4310,4367.549805,4273.149902,4330.700195,4330.700195,1833295
2020-03-06,4125,4238,4036.5,4225.850098,4225.850098,3312238
2020-03-09,4070,4127.5,3945.149902,4026.800049,4026.800049,3545627
2020-03-11,4014,4118.899902,3985,4030.649902,4030.649902,2793683
2020-03-12,3860,3869.949951,3628.100098,3734.350098,3734.350098,5272619
2020-03-13,3440,4043.5,3281.050049,3952.550049,3952.550049,4849917
2020-03-16,3833.449951,3833.449951,3600,3672.25,3672.25,3140467
2020-03-17,3702.100098,3734.699951,3402,3444.850098,3444.850098,2558548
2020-03-18,3490,3530,3018.899902,3061.350098,3061.350098,5443580
2020-03-19,2800,3053.050049,2484.699951,2746.100098,2746.100098,8324713
2020-03-20,2799.850098,3044,2621.649902,2951.899902,2951.899902,6110189
2020-03-23,2656.75,2700,2225,2266.149902,2266.149902,4844235
2020-03-24,2472,2568.649902,2104.649902,2474.199951,2474.199951,6257221
2020-03-25,2450,2700,2400,2585.600098,2585.600098,6226355
2020-03-26,2637.300049,2936.5,2565.050049,2793.699951,2793.699951,5096124
2020-03-27,2955,3040,2500,2542.300049,2542.300049,7170609
2020-03-30,2390.050049,2414.399902,2226,2242.100098,2242.100098,7698355
2020-03-31,2305.100098,2340,2100,2215.800049,2215.800049,11043111
2020-04-01,2180,2286.899902,2132.649902,2219.350098,2219.350098,6408301
2020-04-03,2268.800049,2343.699951,2183.050049,2207.5,2207.5,6172672
2020-04-07,2245,2286,2081.5,2253.350098,2253.350098,11161478
2020-04-08,2184,2374,2144.149902,2332.899902,2332.899902,9109339
2020-04-09,2391,2566.149902,2367.100098,2551.850098,2551.850098,7193246
2020-04-13,2520,2520,2265.949951,2287.300049,2287.300049,8183199
2020-04-15,2345,2368,2168.399902,2182.449951,2182.449951,9333628
2020-04-16,2145,2250,2122,2220,2220,7246740
2020-04-17,2355,2375.899902,2235.199951,2308.149902,2308.149902,10191546
2020-04-20,2325,2345.5,2265,2308.25,2308.25,5403177
2020-04-21,2210,2210,2085,2099.75,2099.75,7383985
2020-04-22,2059.949951,2170,2022.349976,2148.25,2148.25,9062723
2020-04-23,2160,2219.100098,2112,2172.449951,2172.449951,7144006
2020-04-24,2113.5,2113.5,1970.050049,1976.25,1976.25,10494451
2020-04-27,2000,2085,1915.650024,2044.050049,2044.050049,14495247
2020-04-28,2081,2244.100098,2035,2228.100098,2228.100098,14756344
2020-04-29,2200.050049,2375,2200.050049,2296.449951,2296.449951,15060154
2020-04-30,2365.050049,2418.949951,2291.149902,2318.100098,2318.100098,8883305
2020-05-04,2200,2202.199951,2028.550049,2079.649902,2079.649902,7312745
2020-05-05,2130,2135,1997,2002.349976,2002.349976,11521209
2020-05-06,2010,2131.899902,1952.349976,2106.25,2106.25,13149696
2020-05-07,2098.949951,2169.850098,2048.350098,2060.550049,2060.550049,7770204
2020-05-08,2130,2130,2015,2024.150024,2024.150024,6966375
2020-05-11,2070,2092.699951,1995.300049,2015.050049,2015.050049,7654990
2020-05-12,1989.699951,2080,1977.099976,2069.699951,2069.699951,10336527
2020-05-13,2220,2239.949951,2145,2161.050049,2161.050049,9441185
2020-05-14,2159,2258.949951,2096.800049,2112,2112,14307531
2020-05-15,2119.949951,2136.600098,2056,2086.449951,2086.449951,8026726
2020-05-18,2090,2093.449951,1926,1938.599976,1938.599976,10820571
2020-05-19,1960,2003.550049,1922.199951,1964.949951,1964.949951,9413514
2020-05-20,1970,2060,1935,2042.800049,2042.800049,16318508
2020-05-21,2059,2077.550049,1974.5,1990.199951,1990.199951,9879542
2020-05-22,1975,2007,1865.25,1895.300049,1895.300049,16195094
2020-05-26,1918,1933.75,1821.550049,1829,1829,9869295
2020-05-27,1830,1946,1783,1936.449951,1936.449951,17335246
2020-05-28,1954,1983,1927,1947.699951,1947.699951,9051775
2020-05-29,1914,1980,1891,1953.650024,1953.650024,10361847
2020-06-01,1997.050049,2226.399902,1997.050049,2160.850098,2160.850098,18915983
2020-06-02,2165.25,2375,2160.850098,2346.199951,2346.199951,23442470
2020-06-03,2417,2496.850098,2398,2411.899902,2411.899902,18705176
2020-06-04,2414,2453.649902,2276.800049,2313.050049,2313.050049,16315350
2020-06-05,2344,2409,2275,2390.350098,2390.350098,15850039
2020-06-08,2505,2547.699951,2475.550049,2507.25,2507.25,14992503
2020-06-09,2535,2535,2415.300049,2443.600098,2443.600098,12373077
2020-06-10,2440,2470,2401,2435.649902,2435.649902,8961443
2020-06-11,2410,2459,2320.100098,2338.899902,2338.899902,10042767
2020-06-12,2200,2470,2199,2450.149902,2450.149902,16802457
2020-06-15,2420,2429.949951,2331,2351.399902,2351.399902,12070346
2020-06-16,2452,2455.399902,2285,2365,2365,12914351
2020-06-17,2347,2425,2332.050049,2396,2396,9650279
2020-06-18,2375,2541.699951,2373,2525.949951,2525.949951,12738268
2020-06-19,2562,2714.550049,2560,2698.600098,2698.600098,18603826
2020-06-22,2740,2863.600098,2728,2840.300049,2840.300049,13939326
2020-06-23,2899.949951,3109.25,2833,3025.5,3025.5,16186953
2020-06-24,3125,3125,2911,2934.449951,2934.449951,20108807
2020-06-25,2878.050049,3046,2851,3005.350098,3005.350098,15982130
2020-06-26,3042.5,3058.800049,2872.050049,2903.5,2903.5,12572499
2020-06-29,2834,2894.449951,2770,2857.949951,2857.949951,11613999
2020-06-30,2910,2936.649902,2816,2831,2831,9703057
2020-07-01,2831,2968.699951,2806,2953.899902,2953.899902,12704896
2020-07-02,2980,3016,2925,2964.25,2964.25,11619734
2020-07-03,2980,2989.449951,2921,2931.5,2931.5,8543597
2020-07-06,2970,3134.649902,2955,3108.800049,3108.800049,11437583
2020-07-07,3150,3419.649902,3125.300049,3351.949951,3351.949951,22876401
2020-07-08,3351.949951,3408.800049,3180.100098,3208.050049,3208.050049,19126183
2020-07-09,3235,3379.899902,3195.100098,3330,3330,18757786
2020-07-10,3275,3395,3272.050049,3314.149902,3314.149902,16150413
2020-07-13,3360,3378,3216.199951,3234.600098,3234.600098,13136467
2020-07-14,3219.800049,3219.800049,3122.350098,3190.949951,3190.949951,12404422
2020-07-15,3230,3297.699951,3122.25,3149.25,3149.25,10980262
2020-07-16,3180,3215,3102.300049,3204.800049,3204.800049,9999925
2020-07-17,3210,3323,3205,3301.300049,3301.300049,8425626
2020-07-20,3344.949951,3453.949951,3316.5,3441.5,3441.5,10555495
2020-07-21,3500,3519.5,3218.649902,3292.449951,3292.449951,25960048
2020-07-22,3320,3340,3193.600098,3253,3253,17069659
2020-07-23,3253,3320,3216.050049,3297.800049,3297.800049,8718035
2020-07-24,3245,3290,3220,3251.850098,3251.850098,6637683
2020-07-27,3263,3280,3152.199951,3171.149902,3171.149902,7089867
2020-07-28,3175,3260,3161.199951,3239.600098,3239.600098,8211697
2020-07-29,3245,3329,3239.600098,3284.25,3284.25,8070022
2020-07-30,3295.399902,3324,3205.050049,3218.300049,3218.300049,6508278
2020-07-31,3236,3273,3181.25,3251.300049,3251.300049,7235397
2020-08-03,3244,3244,3169,3174.5,3174.5,4463920
2020-08-04,3202,3260,3142.850098,3235.600098,3235.600098,6679145
2020-08-05,3256,3330,3247.949951,3262.149902,3262.149902,6985380
2020-08-06,3292,3378.800049,3255,3345.199951,3345.199951,8172906
2020-08-07,3333,3481.449951,3310,3464.300049,3464.300049,10151267
2020-08-10,3494,3556.850098,3413.199951,3442.949951,3442.949951,7129245
2020-08-11,3462.300049,3494.550049,3404.699951,3457.399902,3457.399902,5571818
2020-08-12,3425,3450,3362,3418.25,3418.25,5662527
2020-08-13,3450,3472,3401,3419.649902,3419.649902,4663359
2020-08-14,3425,3448.800049,3306.199951,3331.100098,3331.100098,5531335
2020-08-17,3350,3399.5,3312.399902,3384.800049,3384.800049,4670572
2020-08-18,3399,3437.949951,3366.600098,3419.899902,3419.899902,4706298
2020-08-19,3447,3465,3401,3409.949951,3409.949951,4198849
2020-08-20,3378,3414.5,3353.050049,3393.800049,3393.800049,3677459
2020-08-21,3430,3440,3380,3389.300049,3389.300049,2627380
2020-08-24,3403,3515,3401.050049,3492.050049,3492.050049,6205575
2020-08-25,3525,3660,3510,3642.899902,3642.899902,9854059
2020-08-26,3665,3707,3631,3645.550049,3645.550049,6665085
2020-08-27,3656.949951,3668.399902,3596.399902,3632.5,3632.5,4611062
2020-08-28,3650,3688,3617.050049,3670.800049,3670.800049,4251328
2020-08-31,3715,3749.850098,3465,3487.800049,3487.800049,8529766
2020-09-01,3517,3674,3500.199951,3643.850098,3643.850098,6065182
2020-09-02,3642.699951,3680,3573.449951,3668.649902,3668.649902,4281011
2020-09-03,3668,3676.75,3605,3619.699951,3619.699951,3221366
2020-09-04,3541.5,3649.800049,3520.75,3596.800049,3596.800049,4914649
2020-09-07,3607,3629,3477.600098,3505.149902,3505.149902,4665168
2020-09-08,3520,3574.899902,3475,3500,3500,4448703
2020-09-09,3477,3493.449951,3392.449951,3422.850098,3422.850098,4563247
2020-09-10,3456.5,3523.449951,3418,3498.699951,3498.699951,4762282
2020-09-11,3490,3557.699951,3456.699951,3544.399902,3544.399902,4608384
2020-09-14,3557,3575.050049,3420,3440.699951,3440.699951,4531509
2020-09-15,3475,3524.199951,3455,3513.399902,3513.399902,3893637
2020-09-16,3517.949951,3567.399902,3481.649902,3521.5,3521.5,3907718
2020-09-17,3488.800049,3517,3456.199951,3471.949951,3471.949951,2781156
2020-09-18,3491.399902,3503.800049,3429,3474.800049,3474.800049,3769087
2020-09-21,3462.800049,3467,3314.25,3330.149902,3330.149902,3627419
2020-09-22,3329,3353.800049,3217.050049,3303,3303,4224968
2020-09-23,3330,3344,3200.199951,3243.850098,3243.850098,4244328
2020-09-24,3191,3194.75,3006.899902,3028.899902,3028.899902,5963777
2020-09-25,3080,3167.149902,3028.800049,3138.949951,3138.949951,6232593
2020-09-28,3178,3350,3162.75,3335.149902,3335.149902,5588695
2020-09-29,3358,3372,3254.5,3294.75,3294.75,4643446
2020-09-30,3293.899902,3343.850098,3260,3278.600098,3278.600098,3603536
2020-10-01,3325,3460,3315.050049,3442.800049,3442.800049,5382106
2020-10-05,3465,3519,3370.25,3382.899902,3382.899902,4207190
2020-10-06,3439.899902,3480,3391.199951,3474.300049,3474.300049,4758757
2020-10-07,3400,3400,3285.300049,3331.149902,3331.149902,6571080
2020-10-08,3354,3388,3302,3326.449951,3326.449951,4461810
2020-10-09,3324.899902,3418.449951,3305,3317.899902,3317.899902,5684099
2020-10-12,3350,3379.399902,3305,3327.199951,3327.199951,3204652
2020-10-13,3319.949951,3340,3243.649902,3272.600098,3272.600098,3777657
2020-10-14,3268,3382.350098,3232.699951,3372.050049,3372.050049,5304447
2020-10-15,3368.199951,3370,3201,3214.75,3214.75,5268019
2020-10-16,3236.350098,3269.449951,3170.100098,3231.350098,3231.350098,5076236
2020-10-19,3255.100098,3294.699951,3196.600098,3267.199951,3267.199951,4206637
2020-10-20,3255,3289.5,3226.800049,3262.149902,3262.149902,3252090
2020-10-21,3270,3295,3101.350098,3232.850098,3232.850098,7536460
2020-10-22,3160,3345,3150,3314.449951,3314.449951,7085769
2020-10-23,3331.399902,3356.800049,3303,3316.899902,3316.899902,3204777
2020-10-26,3330,3330,3236.649902,3293.899902,3293.899902,3546245
2020-10-27,3326,3465,3278,3453.25,3453.25,6020946
2020-10-28,3448.949951,3489.899902,3347.899902,3370.800049,3370.800049,4649105
2020-10-29,3367.800049,3432,3333.75,3380.050049,3380.050049,3780349
2020-10-30,3364.949951,3391,3252.850098,3309,3309,4287623
2020-11-02,3325.550049,3447.399902,3274.649902,3419.800049,3419.800049,4288551
2020-11-03,3430,3520,3415.850098,3490.800049,3490.800049,4446045
2020-11-04,3469,3569.949951,3462,3561.449951,3561.449951,4371143
2020-11-05,3610,3750,3587.649902,3736.899902,3736.899902,6332141
2020-11-06,3734.100098,3827.300049,3704.100098,3780.75,3780.75,5744050
2020-11-09,3810,3878.699951,3786.050049,3865,3865,4149898
2020-11-10,3898.949951,4243.950195,3882.800049,4208.549805,4208.549805,11421448
2020-11-11,4211,4429.549805,4133.950195,4268.799805,4268.799805,13896654
2020-11-12,4260,4325,4200.049805,4298.299805,4298.299805,5590038
2020-11-13,4260,4410,4250,4376.049805,4376.049805,6088459
2020-11-14,null,null,null,null,null,null
2020-11-17,4398.700195,4503.950195,4345,4488,4488,5851523
2020-11-18,4475,4678,4464,4653.75,4653.75,7513019
2020-11-19,4628.899902,4785,4512.549805,4536.549805,4536.549805,8351005
2020-11-20,4571.950195,4762.149902,4515.25,4715.850098,4715.850098,8736410
2020-11-23,4769,4869.299805,4733.549805,4811.450195,4811.450195,7325039
2020-11-24,4835,4862,4770,4810.649902,4810.649902,4297385
2020-11-25,4822,4825,4675,4689.75,4689.75,4763321
2020-11-26,4655,4854,4640,4821.25,4821.25,6273208
2020-11-27,4859,4960,4785.149902,4908.799805,4908.799805,12364707
2020-12-01,4951.200195,4952.399902,4825.25,4861.100098,4861.100098,4017427
2020-12-02,4864,4884,4785,4823.899902,4823.899902,3654970
2020-12-03,4865,4890,4817,4867.450195,4867.450195,2876844
2020-12-04,4870,4958,4815,4875.350098,4875.350098,3679378
2020-12-07,4870,4924.950195,4815,4829.450195,4829.450195,3115124
2020-12-08,4850,4865,4775,4792.149902,4792.149902,2971076
2020-12-09,4820,4852.850098,4791.200195,4844.149902,4844.149902,1965992
2020-12-10,4850,4860,4785,4794.799805,4794.799805,1925963
2020-12-11,4805,4889,4805,4843.850098,4843.850098,2670019
2020-12-14,4857.5,4914.700195,4848,4898.649902,4898.649902,1786348
2020-12-15,4889.950195,5150,4868.850098,5122.5,5122.5,5936796
2020-12-16,5199,5225,5120,5146.600098,5146.600098,3269184
2020-12-17,5139.850098,5303.149902,5101.600098,5286.700195,5286.700195,3733152
2020-12-18,5250,5284.950195,5165,5252.5,5252.5,3255043
2020-12-21,5228,5234.700195,4905.200195,5041.850098,5041.850098,3551570
2020-12-22,5070,5125,4826.350098,5011.399902,5011.399902,5473521
2020-12-23,5000,5166,4970.350098,5088.899902,5088.899902,3431457
2020-12-24,5138.950195,5218.950195,5106,5184.899902,5184.899902,2625559
2020-12-28,5184.899902,5244.799805,5175,5204.100098,5204.100098,1932606
2020-12-29,5225,5247,5167.5,5200.5,5200.5,1969529
2020-12-30,5200.5,5348,5174,5334.149902,5334.149902,3864700
2020-12-31,5335,5372.5,5272,5295.200195,5295.200195,2869212
2021-01-01,5310.200195,5338,5250,5280.149902,5280.149902,1447187
2021-01-04,5324,5324,5196.200195,5216.200195,5216.200195,2333659
2021-01-05,5218,5224.200195,5062.5,5119,5119,3953400
2021-01-06,5130,5168.350098,4990.299805,5030.299805,5030.299805,3607923
2021-01-07,5065,5131.549805,5021.299805,5081,5081,3035750
2021-01-08,5130,5138.75,5042,5082,5082,2998451
2021-01-11,5108,5110.950195,4958.25,4984.25,4984.25,2924164
2021-01-12,4984.25,5099,4951,5042.200195,5042.200195,3335908
2021-01-13,5066,5074,4826.25,4902.899902,4902.899902,3269373
2021-01-14,4902.899902,4966.799805,4834,4877.350098,4877.350098,2680811
2021-01-15,4877,4927,4842.399902,4883.600098,4883.600098,2544916
2021-01-18,4870,4880,4686,4719.850098,4719.850098,3703413
2021-01-19,4765.100098,4994.950195,4752,4959.149902,4959.149902,4767465
2021-01-20,4968,5032.600098,4901,4981.950195,4981.950195,3314707
2021-01-21,4993,5225,4990,5118.299805,5118.299805,7061809
2021-01-22,5135,5137,4945.600098,4972.549805,4972.549805,3084796
2021-01-25,5049,5163,4890,4908.700195,4908.700195,3673060
2021-01-27,4921.299805,4945.600098,4811,4845,4845,2800493
2021-01-28,4779.549805,4909,4723.100098,4810.25,4810.25,3477329
2021-01-29,4886.700195,4950,4707.100098,4734.549805,4734.549805,4260795
2021-02-01,4775,5080,4666.5,5058.600098,5058.600098,4290745
2021-02-02,5100,5337.950195,5094.899902,5173.200195,5173.200195,4347993
2021-02-03,5218.600098,5270,5140,5245.100098,5245.100098,2650783
2021-02-04,5214,5543,5206.049805,5504.850098,5504.850098,5325888
2021-02-05,5526,5627,5470,5538.549805,5538.549805,4437987
2021-02-08,5542,5665,5475.299805,5497.700195,5497.700195,2800809
2021-02-09,5537.5,5539,5382.600098,5400.299805,5400.299805,2263904
2021-02-10,5434.700195,5502.350098,5395,5475.899902,5475.899902,2638012
2021-02-11,5470,5588,5455.75,5567.049805,5567.049805,2028947
2021-02-12,5570,5618,5532.049805,5577.450195,5577.450195,1625268
2021-02-15,5605.350098,5799,5600,5779.850098,5779.850098,3168826
2021-02-16,5791.399902,5822.200195,5690.299805,5760.25,5760.25,2126810
2021-02-17,5730,5799,5670,5705.149902,5705.149902,2346395
2021-02-18,5699,5714.75,5522.200195,5563.350098,5563.350098,2317513
2021-02-19,5560,5621.950195,5425,5497.950195,5497.950195,2744456
2021-02-22,5480,5538.700195,5334.75,5376.850098,5376.850098,2000563
2021-02-23,5420,5504.649902,5350,5383.700195,5383.700195,2190245
2021-02-24,5444,5578.899902,5383,5562.899902,5562.899902,1908795
2021-02-25,5601,5619.950195,5511.350098,5529.950195,5529.950195,1584595
2021-02-26,5430,5454,5221,5264.899902,5264.899902,3713326
2021-03-01,5315,5369.899902,5195,5266.799805,5266.799805,2031881
2021-03-02,5300,5410,5262.049805,5316.299805,5316.299805,2208634
2021-03-03,5364.149902,5573.350098,5340.100098,5542.899902,5542.899902,2252413
2021-03-04,5430,5567.149902,5401,5485.899902,5485.899902,2234698
2021-03-05,5440,5519.75,5402.100098,5444.899902,5444.899902,2075760
2021-03-08,5469,5493.950195,5311,5320.649902,5320.649902,1721042
2021-03-09,5371,5445,5335,5415.049805,5415.049805,1811496
2021-03-10,5440,5561,5440,5545.049805,5545.049805,2191250
2021-03-12,5600,5670,5521,5557.850098,5557.850098,2508013
2021-03-15,5571.049805,5585.649902,5350.549805,5439.049805,5439.049805,2087008
2021-03-16,5488.450195,5507,5420,5455.950195,5455.950195,1561305
